utc,commit,label,provisional,pkt_sha,note,input_len,concurrency,ttft_ms,ttft_med,tpot_ms,tpot_med,itl_ms,itl_med,itl_p99,out_tok_s,req_per_s,ok_reqs,gen_toks,peak_mem_mib
2026-09-20T22:00:46Z,abf7c38dc086,gemma4-26b-a4b.h100.bf16-c32-16k-gemma4-26b-a4b.h100.bf16-c32-16k-high_concurrency,0,3ee9ac44d9044127,"p26c32: 32 slots at 16k (chunk 1024, attention roles off, grouped decode); serving C16/C32",128,16,70.19,59.87,15.480,15.500,15.360,19.280,32.600,999.3,7.810,64,8192,
2026-09-20T22:00:46Z,abf7c38dc086,gemma4-26b-a4b.h100.bf16-c32-16k-gemma4-26b-a4b.h100.bf16-c32-16k-high_concurrency,0,3ee9ac44d9044127,"p26c32: 32 slots at 16k (chunk 1024, attention roles off, grouped decode); serving C16/C32",128,32,118.62,111.66,21.160,21.170,21.000,35.890,59.750,1435.3,11.210,64,8192,
2026-09-20T22:00:46Z,abf7c38dc086,gemma4-26b-a4b.h100.bf16-c32-16k-gemma4-26b-a4b.h100.bf16-c32-16k-high_concurrency,0,3ee9ac44d9044127,"p26c32: 32 slots at 16k (chunk 1024, attention roles off, grouped decode); serving C16/C32",1024,16,216.84,144.33,19.160,19.570,19.020,31.630,48.560,763.4,5.960,64,8192,
2026-09-20T22:00:46Z,abf7c38dc086,gemma4-26b-a4b.h100.bf16-c32-16k-gemma4-26b-a4b.h100.bf16-c32-16k-high_concurrency,0,3ee9ac44d9044127,"p26c32: 32 slots at 16k (chunk 1024, attention roles off, grouped decode); serving C16/C32",1024,32,502.29,160.95,28.130,29.390,27.910,44.090,53.750,964.3,7.530,64,8192,
2026-09-20T22:00:46Z,abf7c38dc086,gemma4-26b-a4b.h100.bf16-c32-16k-gemma4-26b-a4b.h100.bf16-c32-16k-high_concurrency,0,3ee9ac44d9044127,"p26c32: 32 slots at 16k (chunk 1024, attention roles off, grouped decode); serving C16/C32",4096,16,702.49,377.44,31.730,33.750,31.490,34.360,56.790,421.7,3.290,64,8192,
2026-09-20T22:00:46Z,abf7c38dc086,gemma4-26b-a4b.h100.bf16-c32-16k-gemma4-26b-a4b.h100.bf16-c32-16k-high_concurrency,0,3ee9ac44d9044127,"p26c32: 32 slots at 16k (chunk 1024, attention roles off, grouped decode); serving C16/C32",4096,32,2003.48,504.11,51.440,56.770,51.040,60.710,66.440,443.0,3.460,64,8192,
2026-09-20T22:00:46Z,abf7c38dc086,gemma4-26b-a4b.h100.bf16-c32-16k-gemma4-26b-a4b.h100.bf16-c32-16k-high_concurrency,0,3ee9ac44d9044127,"p26c32: 32 slots at 16k (chunk 1024, attention roles off, grouped decode); serving C16/C32",8192,16,1471.02,696.25,54.120,59.190,53.700,59.760,70.380,237.9,1.860,64,8192,
2026-09-20T22:00:46Z,abf7c38dc086,gemma4-26b-a4b.h100.bf16-c32-16k-gemma4-26b-a4b.h100.bf16-c32-16k-high_concurrency,0,3ee9ac44d9044127,"p26c32: 32 slots at 16k (chunk 1024, attention roles off, grouped decode); serving C16/C32",8192,32,8180.92,812.59,57.400,62.230,56.950,62.150,69.960,234.8,1.830,64,8192,
2026-09-20T22:00:46Z,abf7c38dc086,gemma4-26b-a4b.h100.bf16-c32-16k-gemma4-26b-a4b.h100.bf16-c32-16k-high_concurrency,0,3ee9ac44d9044127,"p26c32: 32 slots at 16k (chunk 1024, attention roles off, grouped decode); serving C16/C32",15000,16,7990.03,1218.38,66.050,67.990,65.530,69.410,87.530,120.5,0.940,64,8192,
2026-09-20T22:00:46Z,abf7c38dc086,gemma4-26b-a4b.h100.bf16-c32-16k-gemma4-26b-a4b.h100.bf16-c32-16k-high_concurrency,0,3ee9ac44d9044127,"p26c32: 32 slots at 16k (chunk 1024, attention roles off, grouped decode); serving C16/C32",15000,32,20646.59,2274.63,67.770,70.500,67.240,70.370,87.320,117.9,0.920,64,8192,
2026-09-21T10:16:22Z,ea5dfc5f7f00,gemma4-26b-a4b.h100.bf16-c32-16k-gemma4-26b-a4b.h100.bf16-c32-16k-high_concurrency,0,3ee9ac44d9044127,"p26c32 re-measured on the report binary (b3e79a2c): PLOW_MULTISTEP=0 override, seeded EWMA; quiet host (exclusive CPU lock inside the lease); 64 requests, 2 warm-ups, seed 42; peak memory sampled; vs the uniform vLLM 0.28 baseline; rows within noise of the 09-20 packet rows",128,16,69.84,59.68,15.580,15.640,15.450,15.130,28.960,993.4,7.760,64,8192,63560
2026-09-21T10:16:22Z,ea5dfc5f7f00,gemma4-26b-a4b.h100.bf16-c32-16k-gemma4-26b-a4b.h100.bf16-c32-16k-high_concurrency,0,3ee9ac44d9044127,"p26c32 re-measured on the report binary (b3e79a2c): PLOW_MULTISTEP=0 override, seeded EWMA; quiet host (exclusive CPU lock inside the lease); 64 requests, 2 warm-ups, seed 42; peak memory sampled; vs the uniform vLLM 0.28 baseline; rows within noise of the 09-20 packet rows",128,32,117.64,110.36,21.480,21.490,21.310,20.760,59.490,1416.1,11.060,64,8192,64840
2026-09-21T10:16:22Z,ea5dfc5f7f00,gemma4-26b-a4b.h100.bf16-c32-16k-gemma4-26b-a4b.h100.bf16-c32-16k-high_concurrency,0,3ee9ac44d9044127,"p26c32 re-measured on the report binary (b3e79a2c): PLOW_MULTISTEP=0 override, seeded EWMA; quiet host (exclusive CPU lock inside the lease); 64 requests, 2 warm-ups, seed 42; peak memory sampled; vs the uniform vLLM 0.28 baseline; rows within noise of the 09-20 packet rows",1024,16,213.38,143.28,19.300,19.700,19.150,16.330,48.080,759.6,5.930,64,8192,64160
2026-09-21T10:16:22Z,ea5dfc5f7f00,gemma4-26b-a4b.h100.bf16-c32-16k-gemma4-26b-a4b.h100.bf16-c32-16k-high_concurrency,0,3ee9ac44d9044127,"p26c32 re-measured on the report binary (b3e79a2c): PLOW_MULTISTEP=0 override, seeded EWMA; quiet host (exclusive CPU lock inside the lease); 64 requests, 2 warm-ups, seed 42; peak memory sampled; vs the uniform vLLM 0.28 baseline; rows within noise of the 09-20 packet rows",1024,32,499.72,159.49,28.250,29.750,28.030,23.980,53.230,961.8,7.510,64,8192,64840
2026-09-21T10:16:22Z,ea5dfc5f7f00,gemma4-26b-a4b.h100.bf16-c32-16k-gemma4-26b-a4b.h100.bf16-c32-16k-high_concurrency,0,3ee9ac44d9044127,"p26c32 re-measured on the report binary (b3e79a2c): PLOW_MULTISTEP=0 override, seeded EWMA; quiet host (exclusive CPU lock inside the lease); 64 requests, 2 warm-ups, seed 42; peak memory sampled; vs the uniform vLLM 0.28 baseline; rows within noise of the 09-20 packet rows",4096,16,675.25,325.35,32.000,34.130,31.750,17.480,57.030,421.0,3.290,64,8192,65440
2026-09-21T10:16:22Z,ea5dfc5f7f00,gemma4-26b-a4b.h100.bf16-c32-16k-gemma4-26b-a4b.h100.bf16-c32-16k-high_concurrency,0,3ee9ac44d9044127,"p26c32 re-measured on the report binary (b3e79a2c): PLOW_MULTISTEP=0 override, seeded EWMA; quiet host (exclusive CPU lock inside the lease); 64 requests, 2 warm-ups, seed 42; peak memory sampled; vs the uniform vLLM 0.28 baseline; rows within noise of the 09-20 packet rows",4096,32,1993.53,504.28,51.410,56.720,51.010,60.530,65.920,443.5,3.470,64,8192,67320
2026-09-21T10:16:22Z,ea5dfc5f7f00,gemma4-26b-a4b.h100.bf16-c32-16k-gemma4-26b-a4b.h100.bf16-c32-16k-high_concurrency,0,3ee9ac44d9044127,"p26c32 re-measured on the report binary (b3e79a2c): PLOW_MULTISTEP=0 override, seeded EWMA; quiet host (exclusive CPU lock inside the lease); 64 requests, 2 warm-ups, seed 42; peak memory sampled; vs the uniform vLLM 0.28 baseline; rows within noise of the 09-20 packet rows",8192,16,1434.58,633.53,54.400,59.640,53.980,59.870,70.680,237.9,1.860,64,8192,66720
2026-09-21T10:16:22Z,ea5dfc5f7f00,gemma4-26b-a4b.h100.bf16-c32-16k-gemma4-26b-a4b.h100.bf16-c32-16k-high_concurrency,0,3ee9ac44d9044127,"p26c32 re-measured on the report binary (b3e79a2c): PLOW_MULTISTEP=0 override, seeded EWMA; quiet host (exclusive CPU lock inside the lease); 64 requests, 2 warm-ups, seed 42; peak memory sampled; vs the uniform vLLM 0.28 baseline; rows within noise of the 09-20 packet rows",8192,32,8180.77,813.21,57.400,62.210,56.950,62.180,70.130,234.9,1.830,64,8192,66832
2026-09-21T10:16:22Z,ea5dfc5f7f00,gemma4-26b-a4b.h100.bf16-c32-16k-gemma4-26b-a4b.h100.bf16-c32-16k-high_concurrency,0,3ee9ac44d9044127,"p26c32 re-measured on the report binary (b3e79a2c): PLOW_MULTISTEP=0 override, seeded EWMA; quiet host (exclusive CPU lock inside the lease); 64 requests, 2 warm-ups, seed 42; peak memory sampled; vs the uniform vLLM 0.28 baseline; rows within noise of the 09-20 packet rows",15000,16,7983.90,1217.54,66.050,67.990,65.540,69.370,87.470,120.5,0.940,64,8192,66600
2026-09-21T10:16:22Z,ea5dfc5f7f00,gemma4-26b-a4b.h100.bf16-c32-16k-gemma4-26b-a4b.h100.bf16-c32-16k-high_concurrency,0,3ee9ac44d9044127,"p26c32 re-measured on the report binary (b3e79a2c): PLOW_MULTISTEP=0 override, seeded EWMA; quiet host (exclusive CPU lock inside the lease); 64 requests, 2 warm-ups, seed 42; peak memory sampled; vs the uniform vLLM 0.28 baseline; rows within noise of the 09-20 packet rows",15000,32,20652.26,1532.71,67.870,70.870,67.340,70.320,87.200,117.5,0.920,64,8192,66520
