utc,commit,label,provisional,pkt_sha,note,input_len,concurrency,ttft_ms,ttft_med,tpot_ms,tpot_med,itl_ms,itl_med,itl_p99,out_tok_s,req_per_s,ok_reqs,gen_toks
2026-09-20T18:31:19Z,0fa9b7e4ac0f,gemma4-12b.h100.bf16-ladder16k-gemma4-12b.h100.bf16-ladder16k-realtime,0,63a00f29363ca5ad,"common ladder to 15000 in, realtime C1/C4, p12q: NO_GLU_FUSE honoured, PLOW_NO_FUSE_NRN=1",128,1,18.67,18.63,14.380,14.380,14.270,0.000,57.650,69.4,0.540,32,4096
2026-09-20T18:31:19Z,0fa9b7e4ac0f,gemma4-12b.h100.bf16-ladder16k-gemma4-12b.h100.bf16-ladder16k-realtime,0,63a00f29363ca5ad,"common ladder to 15000 in, realtime C1/C4, p12q: NO_GLU_FUSE honoured, PLOW_NO_FUSE_NRN=1",128,4,45.96,47.08,14.790,14.800,14.670,0.000,59.400,265.9,2.080,32,4096
2026-09-20T18:31:19Z,0fa9b7e4ac0f,gemma4-12b.h100.bf16-ladder16k-gemma4-12b.h100.bf16-ladder16k-realtime,0,63a00f29363ca5ad,"common ladder to 15000 in, realtime C1/C4, p12q: NO_GLU_FUSE honoured, PLOW_NO_FUSE_NRN=1",1024,1,49.70,49.90,14.610,14.610,14.500,0.000,58.580,67.2,0.520,32,4096
2026-09-20T18:31:19Z,0fa9b7e4ac0f,gemma4-12b.h100.bf16-ladder16k-gemma4-12b.h100.bf16-ladder16k-realtime,0,63a00f29363ca5ad,"common ladder to 15000 in, realtime C1/C4, p12q: NO_GLU_FUSE honoured, PLOW_NO_FUSE_NRN=1",1024,4,168.28,202.46,16.170,15.900,16.040,0.000,63.790,230.4,1.800,32,4096
2026-09-20T18:31:19Z,0fa9b7e4ac0f,gemma4-12b.h100.bf16-ladder16k-gemma4-12b.h100.bf16-ladder16k-realtime,0,63a00f29363ca5ad,"common ladder to 15000 in, realtime C1/C4, p12q: NO_GLU_FUSE honoured, PLOW_NO_FUSE_NRN=1",4096,1,185.24,186.02,14.780,14.780,14.660,0.000,59.280,62.1,0.480,32,4096
2026-09-20T18:31:19Z,0fa9b7e4ac0f,gemma4-12b.h100.bf16-ladder16k-gemma4-12b.h100.bf16-ladder16k-realtime,0,63a00f29363ca5ad,"common ladder to 15000 in, realtime C1/C4, p12q: NO_GLU_FUSE honoured, PLOW_NO_FUSE_NRN=1",4096,4,349.17,373.73,19.460,19.260,19.310,0.000,187.360,181.3,1.420,32,4096
2026-09-20T18:31:19Z,0fa9b7e4ac0f,gemma4-12b.h100.bf16-ladder16k-gemma4-12b.h100.bf16-ladder16k-realtime,0,63a00f29363ca5ad,"common ladder to 15000 in, realtime C1/C4, p12q: NO_GLU_FUSE honoured, PLOW_NO_FUSE_NRN=1",8192,1,405.98,406.76,14.980,14.980,14.860,0.000,60.100,55.4,0.430,32,4096
2026-09-20T18:31:19Z,0fa9b7e4ac0f,gemma4-12b.h100.bf16-ladder16k-gemma4-12b.h100.bf16-ladder16k-realtime,0,63a00f29363ca5ad,"common ladder to 15000 in, realtime C1/C4, p12q: NO_GLU_FUSE honoured, PLOW_NO_FUSE_NRN=1",8192,4,773.37,826.93,23.820,23.390,23.630,0.000,213.570,134.6,1.050,32,4096
2026-09-20T18:31:19Z,0fa9b7e4ac0f,gemma4-12b.h100.bf16-ladder16k-gemma4-12b.h100.bf16-ladder16k-realtime,0,63a00f29363ca5ad,"common ladder to 15000 in, realtime C1/C4, p12q: NO_GLU_FUSE honoured, PLOW_NO_FUSE_NRN=1",15000,1,870.18,872.21,15.320,15.320,15.200,0.000,61.410,45.5,0.360,32,4096
2026-09-20T18:31:19Z,0fa9b7e4ac0f,gemma4-12b.h100.bf16-ladder16k-gemma4-12b.h100.bf16-ladder16k-realtime,0,63a00f29363ca5ad,"common ladder to 15000 in, realtime C1/C4, p12q: NO_GLU_FUSE honoured, PLOW_NO_FUSE_NRN=1",15000,4,1661.00,1747.04,31.030,30.480,30.790,0.000,250.750,91.2,0.710,32,4096
2026-09-20T18:39:57Z,0fa9b7e4ac0f,gemma4-12b.h100.bf16-ladder16k-gemma4-12b.h100.bf16-ladder16k-high_concurrency,0,63a00f29363ca5ad,"common ladder to 15000 in, serving C16/C32 on a 16-slot ladder (C32 queues), MULTISTEP 8",128,16,165.91,84.32,20.490,20.750,20.330,0.000,162.730,712.9,5.570,64,8192
2026-09-20T18:39:57Z,0fa9b7e4ac0f,gemma4-12b.h100.bf16-ladder16k-gemma4-12b.h100.bf16-ladder16k-high_concurrency,0,63a00f29363ca5ad,"common ladder to 15000 in, serving C16/C32 on a 16-slot ladder (C32 queues), MULTISTEP 8",128,32,2146.03,2757.20,20.660,20.570,20.490,0.000,163.450,745.7,5.830,64,8192
2026-09-20T18:39:57Z,0fa9b7e4ac0f,gemma4-12b.h100.bf16-ladder16k-gemma4-12b.h100.bf16-ladder16k-high_concurrency,0,63a00f29363ca5ad,"common ladder to 15000 in, serving C16/C32 on a 16-slot ladder (C32 queues), MULTISTEP 8",1024,16,362.15,340.98,26.460,26.550,26.250,0.000,188.960,542.0,4.230,64,8192
2026-09-20T18:39:57Z,0fa9b7e4ac0f,gemma4-12b.h100.bf16-ladder16k-gemma4-12b.h100.bf16-ladder16k-high_concurrency,0,63a00f29363ca5ad,"common ladder to 15000 in, serving C16/C32 on a 16-slot ladder (C32 queues), MULTISTEP 8",1024,32,3067.51,3855.31,27.040,27.470,26.830,0.000,187.700,554.7,4.330,64,8192
2026-09-20T18:39:57Z,0fa9b7e4ac0f,gemma4-12b.h100.bf16-ladder16k-gemma4-12b.h100.bf16-ladder16k-high_concurrency,0,63a00f29363ca5ad,"common ladder to 15000 in, serving C16/C32 on a 16-slot ladder (C32 queues), MULTISTEP 8",4096,16,702.32,400.54,42.980,45.100,42.640,0.000,209.360,329.5,2.570,64,8192
2026-09-20T18:39:57Z,0fa9b7e4ac0f,gemma4-12b.h100.bf16-ladder16k-gemma4-12b.h100.bf16-ladder16k-high_concurrency,0,63a00f29363ca5ad,"common ladder to 15000 in, serving C16/C32 on a 16-slot ladder (C32 queues), MULTISTEP 8",4096,32,5518.69,6291.95,43.810,46.370,43.470,0.000,211.210,329.0,2.570,64,8192
2026-09-20T18:39:57Z,0fa9b7e4ac0f,gemma4-12b.h100.bf16-ladder16k-gemma4-12b.h100.bf16-ladder16k-high_concurrency,0,63a00f29363ca5ad,"common ladder to 15000 in, serving C16/C32 on a 16-slot ladder (C32 queues), MULTISTEP 8",8192,16,1696.36,870.92,64.790,70.030,64.280,0.000,238.600,202.5,1.580,64,8192
2026-09-20T18:39:57Z,0fa9b7e4ac0f,gemma4-12b.h100.bf16-ladder16k-gemma4-12b.h100.bf16-ladder16k-high_concurrency,0,63a00f29363ca5ad,"common ladder to 15000 in, serving C16/C32 on a 16-slot ladder (C32 queues), MULTISTEP 8",8192,32,9193.06,10040.06,67.000,72.290,66.480,0.000,236.740,208.2,1.630,64,8192
2026-09-20T18:39:57Z,0fa9b7e4ac0f,gemma4-12b.h100.bf16-ladder16k-gemma4-12b.h100.bf16-ladder16k-high_concurrency,0,63a00f29363ca5ad,"common ladder to 15000 in, serving C16/C32 on a 16-slot ladder (C32 queues), MULTISTEP 8",15000,16,3556.43,1963.52,105.680,115.930,104.850,0.000,284.150,117.8,0.920,64,8192
2026-09-20T18:39:57Z,0fa9b7e4ac0f,gemma4-12b.h100.bf16-ladder16k-gemma4-12b.h100.bf16-ladder16k-high_concurrency,0,63a00f29363ca5ad,"common ladder to 15000 in, serving C16/C32 on a 16-slot ladder (C32 queues), MULTISTEP 8",15000,32,16633.52,17787.84,111.790,122.620,110.910,0.000,283.330,120.1,0.940,64,8192
2026-09-20T20:40:12Z,18b59c1025ba,gemma4-12b.h100.bf16-ladder16k-gemma4-12b.h100.bf16-ladder16k-realtime,0,63a00f29363ca5ad,"p12s: tensor-core GemvArgmax + dense B=1 on the walk + rung-4 stack fix, realtime C1/C4",128,1,18.60,18.60,11.750,11.750,11.660,0.000,47.080,84.7,0.660,32,4096
2026-09-20T20:40:12Z,18b59c1025ba,gemma4-12b.h100.bf16-ladder16k-gemma4-12b.h100.bf16-ladder16k-realtime,0,63a00f29363ca5ad,"p12s: tensor-core GemvArgmax + dense B=1 on the walk + rung-4 stack fix, realtime C1/C4",128,4,40.17,41.95,12.170,12.180,12.070,0.000,48.790,322.4,2.520,32,4096
2026-09-20T20:40:12Z,18b59c1025ba,gemma4-12b.h100.bf16-ladder16k-gemma4-12b.h100.bf16-ladder16k-realtime,0,63a00f29363ca5ad,"p12s: tensor-core GemvArgmax + dense B=1 on the walk + rung-4 stack fix, realtime C1/C4",1024,1,50.26,50.43,11.960,11.960,11.860,0.010,47.890,81.6,0.640,32,4096
2026-09-20T20:40:12Z,18b59c1025ba,gemma4-12b.h100.bf16-ladder16k-gemma4-12b.h100.bf16-ladder16k-realtime,0,63a00f29363ca5ad,"p12s: tensor-core GemvArgmax + dense B=1 on the walk + rung-4 stack fix, realtime C1/C4",1024,4,168.70,203.65,13.480,13.210,13.380,0.000,53.020,272.1,2.130,32,4096
2026-09-20T20:40:12Z,18b59c1025ba,gemma4-12b.h100.bf16-ladder16k-gemma4-12b.h100.bf16-ladder16k-realtime,0,63a00f29363ca5ad,"p12s: tensor-core GemvArgmax + dense B=1 on the walk + rung-4 stack fix, realtime C1/C4",4096,1,186.64,187.27,12.100,12.100,12.000,0.000,48.510,74.3,0.580,32,4096
2026-09-20T20:40:12Z,18b59c1025ba,gemma4-12b.h100.bf16-ladder16k-gemma4-12b.h100.bf16-ladder16k-realtime,0,63a00f29363ca5ad,"p12s: tensor-core GemvArgmax + dense B=1 on the walk + rung-4 stack fix, realtime C1/C4",4096,4,359.52,371.37,16.660,16.550,16.530,0.000,185.360,206.6,1.610,32,4096
2026-09-20T20:40:12Z,18b59c1025ba,gemma4-12b.h100.bf16-ladder16k-gemma4-12b.h100.bf16-ladder16k-realtime,0,63a00f29363ca5ad,"p12s: tensor-core GemvArgmax + dense B=1 on the walk + rung-4 stack fix, realtime C1/C4",8192,1,405.98,407.33,12.270,12.270,12.180,0.000,49.230,65.1,0.510,32,4096
2026-09-20T20:40:12Z,18b59c1025ba,gemma4-12b.h100.bf16-ladder16k-gemma4-12b.h100.bf16-ladder16k-realtime,0,63a00f29363ca5ad,"p12s: tensor-core GemvArgmax + dense B=1 on the walk + rung-4 stack fix, realtime C1/C4",8192,4,794.42,821.79,20.860,20.600,20.690,0.000,211.620,148.4,1.160,32,4096
2026-09-20T20:40:12Z,18b59c1025ba,gemma4-12b.h100.bf16-ladder16k-gemma4-12b.h100.bf16-ladder16k-realtime,0,63a00f29363ca5ad,"p12s: tensor-core GemvArgmax + dense B=1 on the walk + rung-4 stack fix, realtime C1/C4",15000,1,865.42,866.53,12.580,12.580,12.480,0.000,50.440,52.0,0.410,32,4096
2026-09-20T20:40:12Z,18b59c1025ba,gemma4-12b.h100.bf16-ladder16k-gemma4-12b.h100.bf16-ladder16k-realtime,0,63a00f29363ca5ad,"p12s: tensor-core GemvArgmax + dense B=1 on the walk + rung-4 stack fix, realtime C1/C4",15000,4,1648.98,1739.60,28.160,27.550,27.940,0.000,249.770,97.8,0.760,32,4096
2026-09-20T20:50:26Z,18b59c1025ba,gemma4-12b.h100.bf16-ladder16k-gemma4-12b.h100.bf16-ladder16k-high_concurrency,0,63a00f29363ca5ad,"p12s: tensor-core GemvArgmax + dense B=1 on the walk + rung-4 stack fix, serving C16/C32 (16 slots)",128,16,136.32,83.98,13.460,13.550,13.350,0.000,104.690,1074.7,8.400,64,8192
2026-09-20T20:50:26Z,18b59c1025ba,gemma4-12b.h100.bf16-ladder16k-gemma4-12b.h100.bf16-ladder16k-high_concurrency,0,63a00f29363ca5ad,"p12s: tensor-core GemvArgmax + dense B=1 on the walk + rung-4 stack fix, serving C16/C32 (16 slots)",128,32,1460.81,1849.42,13.510,13.520,13.410,0.000,105.280,1120.8,8.760,64,8192
2026-09-20T20:50:26Z,18b59c1025ba,gemma4-12b.h100.bf16-ladder16k-gemma4-12b.h100.bf16-ladder16k-high_concurrency,0,63a00f29363ca5ad,"p12s: tensor-core GemvArgmax + dense B=1 on the walk + rung-4 stack fix, serving C16/C32 (16 slots)",1024,16,347.31,341.72,19.470,19.680,19.320,0.000,166.680,719.8,5.620,64,8192
2026-09-20T20:50:26Z,18b59c1025ba,gemma4-12b.h100.bf16-ladder16k-gemma4-12b.h100.bf16-ladder16k-high_concurrency,0,63a00f29363ca5ad,"p12s: tensor-core GemvArgmax + dense B=1 on the walk + rung-4 stack fix, serving C16/C32 (16 slots)",1024,32,2394.84,2959.21,19.940,20.410,19.790,0.000,182.080,734.6,5.740,64,8192
2026-09-20T20:50:26Z,18b59c1025ba,gemma4-12b.h100.bf16-ladder16k-gemma4-12b.h100.bf16-ladder16k-high_concurrency,0,63a00f29363ca5ad,"p12s: tensor-core GemvArgmax + dense B=1 on the walk + rung-4 stack fix, serving C16/C32 (16 slots)",4096,16,702.41,399.17,36.090,38.270,35.810,0.000,202.760,384.4,3.000,64,8192
2026-09-20T20:50:26Z,18b59c1025ba,gemma4-12b.h100.bf16-ladder16k-gemma4-12b.h100.bf16-ladder16k-high_concurrency,0,63a00f29363ca5ad,"p12s: tensor-core GemvArgmax + dense B=1 on the walk + rung-4 stack fix, serving C16/C32 (16 slots)",4096,32,4877.28,5444.07,37.020,39.660,36.730,0.000,207.390,383.8,3.000,64,8192
2026-09-20T20:50:26Z,18b59c1025ba,gemma4-12b.h100.bf16-ladder16k-gemma4-12b.h100.bf16-ladder16k-high_concurrency,0,63a00f29363ca5ad,"p12s: tensor-core GemvArgmax + dense B=1 on the walk + rung-4 stack fix, serving C16/C32 (16 slots)",8192,16,1684.53,871.28,58.330,64.020,57.870,0.000,225.900,221.9,1.730,64,8192
2026-09-20T20:50:26Z,18b59c1025ba,gemma4-12b.h100.bf16-ladder16k-gemma4-12b.h100.bf16-ladder16k-high_concurrency,0,63a00f29363ca5ad,"p12s: tensor-core GemvArgmax + dense B=1 on the walk + rung-4 stack fix, serving C16/C32 (16 slots)",8192,32,8621.04,9262.61,60.670,66.180,60.190,0.000,219.550,227.3,1.780,64,8192
2026-09-20T20:50:26Z,18b59c1025ba,gemma4-12b.h100.bf16-ladder16k-gemma4-12b.h100.bf16-ladder16k-high_concurrency,0,63a00f29363ca5ad,"p12s: tensor-core GemvArgmax + dense B=1 on the walk + rung-4 stack fix, serving C16/C32 (16 slots)",15000,16,3528.03,1963.12,99.990,110.680,99.210,0.000,272.830,123.9,0.970,64,8192
2026-09-20T20:50:26Z,18b59c1025ba,gemma4-12b.h100.bf16-ladder16k-gemma4-12b.h100.bf16-ladder16k-high_concurrency,0,63a00f29363ca5ad,"p12s: tensor-core GemvArgmax + dense B=1 on the walk + rung-4 stack fix, serving C16/C32 (16 slots)",15000,32,16150.31,17178.12,106.550,117.810,105.720,0.000,270.810,125.5,0.980,64,8192
2026-09-20T21:45:09Z,abf7c38dc086,gemma4-12b.h100.bf16-ladder16k-gemma4-12b.h100.bf16-ladder16k-realtime,0,63a00f29363ca5ad,"p12u: + GEMV walk depth 12 (PLOW_NV_GEMV_MMA_UNB), realtime C1/C4",128,1,18.57,18.60,10.960,10.960,10.880,0.000,43.910,90.7,0.710,32,4096
2026-09-20T21:45:09Z,abf7c38dc086,gemma4-12b.h100.bf16-ladder16k-gemma4-12b.h100.bf16-ladder16k-realtime,0,63a00f29363ca5ad,"p12u: + GEMV walk depth 12 (PLOW_NV_GEMV_MMA_UNB), realtime C1/C4",128,4,43.80,45.76,11.610,11.600,11.510,0.000,46.420,336.8,2.630,32,4096
2026-09-20T21:45:09Z,abf7c38dc086,gemma4-12b.h100.bf16-ladder16k-gemma4-12b.h100.bf16-ladder16k-realtime,0,63a00f29363ca5ad,"p12u: + GEMV walk depth 12 (PLOW_NV_GEMV_MMA_UNB), realtime C1/C4",1024,1,50.08,50.26,11.200,11.200,11.110,0.000,44.890,86.9,0.680,32,4096
2026-09-20T21:45:09Z,abf7c38dc086,gemma4-12b.h100.bf16-ladder16k-gemma4-12b.h100.bf16-ladder16k-realtime,0,63a00f29363ca5ad,"p12u: + GEMV walk depth 12 (PLOW_NV_GEMV_MMA_UNB), realtime C1/C4",1024,4,170.23,203.78,13.090,12.630,12.990,0.000,50.710,279.1,2.180,32,4096
2026-09-20T21:45:09Z,abf7c38dc086,gemma4-12b.h100.bf16-ladder16k-gemma4-12b.h100.bf16-ladder16k-realtime,0,63a00f29363ca5ad,"p12u: + GEMV walk depth 12 (PLOW_NV_GEMV_MMA_UNB), realtime C1/C4",4096,1,186.27,186.60,11.330,11.330,11.240,0.000,45.430,78.7,0.620,32,4096
2026-09-20T21:45:09Z,abf7c38dc086,gemma4-12b.h100.bf16-ladder16k-gemma4-12b.h100.bf16-ladder16k-realtime,0,63a00f29363ca5ad,"p12u: + GEMV walk depth 12 (PLOW_NV_GEMV_MMA_UNB), realtime C1/C4",4096,4,349.69,375.53,16.190,16.000,16.070,0.000,187.500,212.5,1.660,32,4096
2026-09-20T21:45:09Z,abf7c38dc086,gemma4-12b.h100.bf16-ladder16k-gemma4-12b.h100.bf16-ladder16k-realtime,0,63a00f29363ca5ad,"p12u: + GEMV walk depth 12 (PLOW_NV_GEMV_MMA_UNB), realtime C1/C4",8192,1,407.94,408.79,11.510,11.510,11.420,0.000,46.180,68.4,0.530,32,4096
2026-09-20T21:45:09Z,abf7c38dc086,gemma4-12b.h100.bf16-ladder16k-gemma4-12b.h100.bf16-ladder16k-realtime,0,63a00f29363ca5ad,"p12u: + GEMV walk depth 12 (PLOW_NV_GEMV_MMA_UNB), realtime C1/C4",8192,4,772.37,827.98,20.520,20.070,20.360,0.000,213.690,151.3,1.180,32,4096
2026-09-20T21:45:09Z,abf7c38dc086,gemma4-12b.h100.bf16-ladder16k-gemma4-12b.h100.bf16-ladder16k-realtime,0,63a00f29363ca5ad,"p12u: + GEMV walk depth 12 (PLOW_NV_GEMV_MMA_UNB), realtime C1/C4",15000,1,871.65,873.10,11.820,11.820,11.730,0.000,47.400,53.9,0.420,32,4096
2026-09-20T21:45:09Z,abf7c38dc086,gemma4-12b.h100.bf16-ladder16k-gemma4-12b.h100.bf16-ladder16k-realtime,0,63a00f29363ca5ad,"p12u: + GEMV walk depth 12 (PLOW_NV_GEMV_MMA_UNB), realtime C1/C4",15000,4,1661.75,1749.74,27.690,27.100,27.470,0.000,252.030,98.7,0.770,32,4096
2026-09-20T21:53:03Z,abf7c38dc086,gemma4-12b.h100.bf16-ladder16k-gemma4-12b.h100.bf16-ladder16k-high_concurrency,0,63a00f29363ca5ad,"p12u: + GEMV walk depth 12, serving C16/C32 (16 slots)",128,16,137.12,84.40,12.680,12.760,12.580,0.000,98.310,1137.9,8.890,64,8192
2026-09-20T21:53:03Z,abf7c38dc086,gemma4-12b.h100.bf16-ladder16k-gemma4-12b.h100.bf16-ladder16k-high_concurrency,0,63a00f29363ca5ad,"p12u: + GEMV walk depth 12, serving C16/C32 (16 slots)",128,32,1384.42,1750.58,12.730,12.730,12.630,0.000,98.990,1187.1,9.270,64,8192
2026-09-20T21:53:03Z,abf7c38dc086,gemma4-12b.h100.bf16-ladder16k-gemma4-12b.h100.bf16-ladder16k-high_concurrency,0,63a00f29363ca5ad,"p12u: + GEMV walk depth 12, serving C16/C32 (16 slots)",1024,16,348.86,331.43,18.820,18.950,18.670,0.000,168.280,741.3,5.790,64,8192
2026-09-20T21:53:03Z,abf7c38dc086,gemma4-12b.h100.bf16-ladder16k-gemma4-12b.h100.bf16-ladder16k-high_concurrency,0,63a00f29363ca5ad,"p12u: + GEMV walk depth 12, serving C16/C32 (16 slots)",1024,32,2322.04,2860.43,19.160,19.640,19.010,0.000,181.930,761.8,5.950,64,8192
2026-09-20T21:53:03Z,abf7c38dc086,gemma4-12b.h100.bf16-ladder16k-gemma4-12b.h100.bf16-ladder16k-high_concurrency,0,63a00f29363ca5ad,"p12u: + GEMV walk depth 12, serving C16/C32 (16 slots)",4096,16,705.78,394.50,35.360,37.530,35.080,0.000,205.620,390.0,3.050,64,8192
2026-09-20T21:53:03Z,abf7c38dc086,gemma4-12b.h100.bf16-ladder16k-gemma4-12b.h100.bf16-ladder16k-high_concurrency,0,63a00f29363ca5ad,"p12u: + GEMV walk depth 12, serving C16/C32 (16 slots)",4096,32,4791.58,5365.66,36.380,39.030,36.100,0.000,202.690,392.0,3.060,64,8192
2026-09-20T21:53:03Z,abf7c38dc086,gemma4-12b.h100.bf16-ladder16k-gemma4-12b.h100.bf16-ladder16k-high_concurrency,0,63a00f29363ca5ad,"p12u: + GEMV walk depth 12, serving C16/C32 (16 slots)",8192,16,1682.66,865.32,57.580,63.400,57.140,0.000,226.280,224.3,1.750,64,8192
2026-09-20T21:53:03Z,abf7c38dc086,gemma4-12b.h100.bf16-ladder16k-gemma4-12b.h100.bf16-ladder16k-high_concurrency,0,63a00f29363ca5ad,"p12u: + GEMV walk depth 12, serving C16/C32 (16 slots)",8192,32,8569.45,9202.02,60.120,65.740,59.650,0.000,219.780,229.2,1.790,64,8192
2026-09-20T21:53:03Z,abf7c38dc086,gemma4-12b.h100.bf16-ladder16k-gemma4-12b.h100.bf16-ladder16k-high_concurrency,0,63a00f29363ca5ad,"p12u: + GEMV walk depth 12, serving C16/C32 (16 slots)",15000,16,3528.91,1963.56,99.460,110.160,98.690,0.000,272.620,124.5,0.970,64,8192
2026-09-20T21:53:03Z,abf7c38dc086,gemma4-12b.h100.bf16-ladder16k-gemma4-12b.h100.bf16-ladder16k-high_concurrency,0,63a00f29363ca5ad,"p12u: + GEMV walk depth 12, serving C16/C32 (16 slots)",15000,32,16133.38,17122.70,106.100,117.370,105.270,0.000,271.140,126.0,0.980,64,8192
2026-09-21T00:11:19Z,7cd6cd47cb75,gemma4-12b.h100.bf16-ladder16k-gemma4-12b.h100.bf16-ladder16k-realtime,0,99e1895c3d238f57,"p12y: + single-load B=1 walk, split tokenizer, BOS rungs 256/1088/1152/4160; realtime C1/C4",128,1,18.51,18.50,10.820,10.820,10.740,0.000,43.390,91.9,0.720,32,4096
2026-09-21T00:11:19Z,7cd6cd47cb75,gemma4-12b.h100.bf16-ladder16k-gemma4-12b.h100.bf16-ladder16k-realtime,0,99e1895c3d238f57,"p12y: + single-load B=1 walk, split tokenizer, BOS rungs 256/1088/1152/4160; realtime C1/C4",128,4,40.51,44.00,11.500,11.500,11.410,0.000,46.150,340.5,2.660,32,4096
2026-09-21T00:11:19Z,7cd6cd47cb75,gemma4-12b.h100.bf16-ladder16k-gemma4-12b.h100.bf16-ladder16k-realtime,0,99e1895c3d238f57,"p12y: + single-load B=1 walk, split tokenizer, BOS rungs 256/1088/1152/4160; realtime C1/C4",1024,1,46.70,46.62,11.050,11.040,10.960,0.000,44.300,88.3,0.690,32,4096
2026-09-21T00:11:19Z,7cd6cd47cb75,gemma4-12b.h100.bf16-ladder16k-gemma4-12b.h100.bf16-ladder16k-realtime,0,99e1895c3d238f57,"p12y: + single-load B=1 walk, split tokenizer, BOS rungs 256/1088/1152/4160; realtime C1/C4",1024,4,169.71,202.58,13.110,12.940,13.010,0.000,50.580,278.8,2.180,32,4096
2026-09-21T00:11:19Z,7cd6cd47cb75,gemma4-12b.h100.bf16-ladder16k-gemma4-12b.h100.bf16-ladder16k-realtime,0,99e1895c3d238f57,"p12y: + single-load B=1 walk, split tokenizer, BOS rungs 256/1088/1152/4160; realtime C1/C4",4096,1,176.76,176.86,11.190,11.190,11.100,0.000,44.900,80.1,0.630,32,4096
2026-09-21T00:11:19Z,7cd6cd47cb75,gemma4-12b.h100.bf16-ladder16k-gemma4-12b.h100.bf16-ladder16k-realtime,0,99e1895c3d238f57,"p12y: + single-load B=1 walk, split tokenizer, BOS rungs 256/1088/1152/4160; realtime C1/C4",4096,4,343.48,367.65,16.110,15.910,15.980,0.000,184.250,214.0,1.670,32,4096
2026-09-21T00:11:19Z,7cd6cd47cb75,gemma4-12b.h100.bf16-ladder16k-gemma4-12b.h100.bf16-ladder16k-realtime,0,99e1895c3d238f57,"p12y: + single-load B=1 walk, split tokenizer, BOS rungs 256/1088/1152/4160; realtime C1/C4",8192,1,385.92,385.92,11.370,11.370,11.280,0.000,45.610,70.0,0.550,32,4096
2026-09-21T00:11:19Z,7cd6cd47cb75,gemma4-12b.h100.bf16-ladder16k-gemma4-12b.h100.bf16-ladder16k-realtime,0,99e1895c3d238f57,"p12y: + single-load B=1 walk, split tokenizer, BOS rungs 256/1088/1152/4160; realtime C1/C4",8192,4,794.76,822.03,20.260,20.020,20.100,0.000,211.470,151.8,1.190,32,4096
2026-09-21T00:11:19Z,7cd6cd47cb75,gemma4-12b.h100.bf16-ladder16k-gemma4-12b.h100.bf16-ladder16k-realtime,0,99e1895c3d238f57,"p12y: + single-load B=1 walk, split tokenizer, BOS rungs 256/1088/1152/4160; realtime C1/C4",15000,1,832.23,832.75,11.680,11.680,11.590,0.000,46.850,55.3,0.430,32,4096
2026-09-21T00:11:19Z,7cd6cd47cb75,gemma4-12b.h100.bf16-ladder16k-gemma4-12b.h100.bf16-ladder16k-realtime,0,99e1895c3d238f57,"p12y: + single-load B=1 walk, split tokenizer, BOS rungs 256/1088/1152/4160; realtime C1/C4",15000,4,1651.80,1740.97,27.540,26.250,27.320,0.000,249.990,99.2,0.780,32,4096
2026-09-21T00:19:11Z,7cd6cd47cb75,gemma4-12b.h100.bf16-ladder16k-gemma4-12b.h100.bf16-ladder16k-high_concurrency,0,99e1895c3d238f57,"p12y: + single-load B=1 walk, split tokenizer, BOS rungs; serving C16/C32 (16 slots)",128,16,114.35,58.51,12.550,12.610,12.450,0.000,98.720,1163.6,9.090,64,8192
2026-09-21T00:19:11Z,7cd6cd47cb75,gemma4-12b.h100.bf16-ladder16k-gemma4-12b.h100.bf16-ladder16k-high_concurrency,0,99e1895c3d238f57,"p12y: + single-load B=1 walk, split tokenizer, BOS rungs; serving C16/C32 (16 slots)",128,32,1350.61,1722.71,12.630,12.630,12.540,0.000,99.290,1204.7,9.410,64,8192
2026-09-21T00:19:11Z,7cd6cd47cb75,gemma4-12b.h100.bf16-ladder16k-gemma4-12b.h100.bf16-ladder16k-high_concurrency,0,99e1895c3d238f57,"p12y: + single-load B=1 walk, split tokenizer, BOS rungs; serving C16/C32 (16 slots)",1024,16,318.18,236.29,19.200,19.300,19.050,0.000,170.350,736.6,5.760,64,8192
2026-09-21T00:19:11Z,7cd6cd47cb75,gemma4-12b.h100.bf16-ladder16k-gemma4-12b.h100.bf16-ladder16k-high_concurrency,0,99e1895c3d238f57,"p12y: + single-load B=1 walk, split tokenizer, BOS rungs; serving C16/C32 (16 slots)",1024,32,2302.20,2836.10,19.060,19.470,18.910,0.000,180.830,766.0,5.980,64,8192
2026-09-21T00:19:11Z,7cd6cd47cb75,gemma4-12b.h100.bf16-ladder16k-gemma4-12b.h100.bf16-ladder16k-high_concurrency,0,99e1895c3d238f57,"p12y: + single-load B=1 walk, split tokenizer, BOS rungs; serving C16/C32 (16 slots)",4096,16,703.65,392.41,35.310,37.440,35.030,0.000,202.450,390.6,3.050,64,8192
2026-09-21T00:19:11Z,7cd6cd47cb75,gemma4-12b.h100.bf16-ladder16k-gemma4-12b.h100.bf16-ladder16k-high_concurrency,0,99e1895c3d238f57,"p12y: + single-load B=1 walk, split tokenizer, BOS rungs; serving C16/C32 (16 slots)",4096,32,4783.74,5350.65,36.340,38.910,36.060,0.000,201.920,392.5,3.070,64,8192
2026-09-21T00:19:11Z,7cd6cd47cb75,gemma4-12b.h100.bf16-ladder16k-gemma4-12b.h100.bf16-ladder16k-high_concurrency,0,99e1895c3d238f57,"p12y: + single-load B=1 walk, split tokenizer, BOS rungs; serving C16/C32 (16 slots)",8192,16,1684.97,872.19,57.770,63.550,57.320,0.000,225.800,223.7,1.750,64,8192
2026-09-21T00:19:11Z,7cd6cd47cb75,gemma4-12b.h100.bf16-ladder16k-gemma4-12b.h100.bf16-ladder16k-high_concurrency,0,99e1895c3d238f57,"p12y: + single-load B=1 walk, split tokenizer, BOS rungs; serving C16/C32 (16 slots)",8192,32,8556.21,9196.42,60.070,65.690,59.600,0.000,219.050,229.6,1.790,64,8192
2026-09-21T00:19:11Z,7cd6cd47cb75,gemma4-12b.h100.bf16-ladder16k-gemma4-12b.h100.bf16-ladder16k-high_concurrency,0,99e1895c3d238f57,"p12y: + single-load B=1 walk, split tokenizer, BOS rungs; serving C16/C32 (16 slots)",15000,16,3529.32,1966.95,99.670,110.510,98.890,0.000,272.630,124.2,0.970,64,8192
2026-09-21T00:19:11Z,7cd6cd47cb75,gemma4-12b.h100.bf16-ladder16k-gemma4-12b.h100.bf16-ladder16k-high_concurrency,0,99e1895c3d238f57,"p12y: + single-load B=1 walk, split tokenizer, BOS rungs; serving C16/C32 (16 slots)",15000,32,16106.91,17144.44,105.910,117.410,105.080,0.000,271.890,126.2,0.990,64,8192
2026-09-21T01:09:29Z,9bf120595d17,gemma4-12b.h100.bf16-ladder16k-gemma4-12b.h100.bf16-ladder16k-realtime,0,5dd4747206046db8,p12g: + PLOW_SLIDING_NS_GRID (sliding decode split floored to the block grid); realtime C1/C4,128,1,18.38,18.40,10.820,10.810,10.730,0.000,43.360,91.9,0.720,32,4096
2026-09-21T01:09:29Z,9bf120595d17,gemma4-12b.h100.bf16-ladder16k-gemma4-12b.h100.bf16-ladder16k-realtime,0,5dd4747206046db8,p12g: + PLOW_SLIDING_NS_GRID (sliding decode split floored to the block grid); realtime C1/C4,128,4,36.25,31.57,11.290,11.290,11.200,0.000,45.290,347.6,2.720,32,4096
2026-09-21T01:09:29Z,9bf120595d17,gemma4-12b.h100.bf16-ladder16k-gemma4-12b.h100.bf16-ladder16k-realtime,0,5dd4747206046db8,p12g: + PLOW_SLIDING_NS_GRID (sliding decode split floored to the block grid); realtime C1/C4,1024,1,46.53,46.49,11.040,11.040,10.960,0.000,44.270,88.3,0.690,32,4096
2026-09-21T01:09:29Z,9bf120595d17,gemma4-12b.h100.bf16-ladder16k-gemma4-12b.h100.bf16-ladder16k-realtime,0,5dd4747206046db8,p12g: + PLOW_SLIDING_NS_GRID (sliding decode split floored to the block grid); realtime C1/C4,1024,4,169.57,200.94,12.520,12.360,12.430,0.000,48.270,290.5,2.270,32,4096
2026-09-21T01:09:29Z,9bf120595d17,gemma4-12b.h100.bf16-ladder16k-gemma4-12b.h100.bf16-ladder16k-realtime,0,5dd4747206046db8,p12g: + PLOW_SLIDING_NS_GRID (sliding decode split floored to the block grid); realtime C1/C4,4096,1,176.65,176.96,11.200,11.200,11.120,0.000,44.910,80.0,0.630,32,4096
2026-09-21T01:09:29Z,9bf120595d17,gemma4-12b.h100.bf16-ladder16k-gemma4-12b.h100.bf16-ladder16k-realtime,0,5dd4747206046db8,p12g: + PLOW_SLIDING_NS_GRID (sliding decode split floored to the block grid); realtime C1/C4,4096,4,343.25,368.54,15.570,15.380,15.450,0.000,184.230,220.3,1.720,32,4096
2026-09-21T01:09:29Z,9bf120595d17,gemma4-12b.h100.bf16-ladder16k-gemma4-12b.h100.bf16-ladder16k-realtime,0,5dd4747206046db8,p12g: + PLOW_SLIDING_NS_GRID (sliding decode split floored to the block grid); realtime C1/C4,8192,1,386.19,386.12,11.360,11.360,11.270,0.000,45.600,70.0,0.550,32,4096
2026-09-21T01:09:29Z,9bf120595d17,gemma4-12b.h100.bf16-ladder16k-gemma4-12b.h100.bf16-ladder16k-realtime,0,5dd4747206046db8,p12g: + PLOW_SLIDING_NS_GRID (sliding decode split floored to the block grid); realtime C1/C4,8192,4,766.59,822.10,19.900,19.470,19.750,0.000,211.570,155.2,1.210,32,4096
2026-09-21T01:09:29Z,9bf120595d17,gemma4-12b.h100.bf16-ladder16k-gemma4-12b.h100.bf16-ladder16k-realtime,0,5dd4747206046db8,p12g: + PLOW_SLIDING_NS_GRID (sliding decode split floored to the block grid); realtime C1/C4,15000,1,829.95,829.99,11.670,11.670,11.580,0.000,46.790,55.4,0.430,32,4096
2026-09-21T01:09:29Z,9bf120595d17,gemma4-12b.h100.bf16-ladder16k-gemma4-12b.h100.bf16-ladder16k-realtime,0,5dd4747206046db8,p12g: + PLOW_SLIDING_NS_GRID (sliding decode split floored to the block grid); realtime C1/C4,15000,4,1643.48,1724.84,27.010,26.460,26.800,0.000,248.840,100.7,0.790,32,4096
2026-09-21T01:17:18Z,9bf120595d17,gemma4-12b.h100.bf16-ladder16k-gemma4-12b.h100.bf16-ladder16k-high_concurrency,0,5dd4747206046db8,p12g: + PLOW_SLIDING_NS_GRID; serving C16/C32 (16 slots),128,16,113.40,58.96,12.430,12.480,12.330,0.000,97.860,1173.7,9.170,64,8192
2026-09-21T01:17:18Z,9bf120595d17,gemma4-12b.h100.bf16-ladder16k-gemma4-12b.h100.bf16-ladder16k-high_concurrency,0,5dd4747206046db8,p12g: + PLOW_SLIDING_NS_GRID; serving C16/C32 (16 slots),128,32,1338.74,1708.60,12.500,12.500,12.410,0.000,98.010,1216.3,9.500,64,8192
2026-09-21T01:17:18Z,9bf120595d17,gemma4-12b.h100.bf16-ladder16k-gemma4-12b.h100.bf16-ladder16k-high_concurrency,0,5dd4747206046db8,p12g: + PLOW_SLIDING_NS_GRID; serving C16/C32 (16 slots),1024,16,289.30,220.13,18.990,19.270,18.840,0.000,164.840,751.1,5.870,64,8192
2026-09-21T01:17:18Z,9bf120595d17,gemma4-12b.h100.bf16-ladder16k-gemma4-12b.h100.bf16-ladder16k-high_concurrency,0,5dd4747206046db8,p12g: + PLOW_SLIDING_NS_GRID; serving C16/C32 (16 slots),1024,32,2292.44,2822.82,18.980,19.380,18.830,0.000,180.440,769.4,6.010,64,8192
2026-09-21T01:17:18Z,9bf120595d17,gemma4-12b.h100.bf16-ladder16k-gemma4-12b.h100.bf16-ladder16k-high_concurrency,0,5dd4747206046db8,p12g: + PLOW_SLIDING_NS_GRID; serving C16/C32 (16 slots),4096,16,699.31,391.81,35.250,37.370,34.980,0.000,204.140,391.2,3.060,64,8192
2026-09-21T01:17:18Z,9bf120595d17,gemma4-12b.h100.bf16-ladder16k-gemma4-12b.h100.bf16-ladder16k-high_concurrency,0,5dd4747206046db8,p12g: + PLOW_SLIDING_NS_GRID; serving C16/C32 (16 slots),4096,32,4783.97,5319.20,36.130,38.720,35.850,0.000,204.590,392.3,3.070,64,8192
2026-09-21T01:17:18Z,9bf120595d17,gemma4-12b.h100.bf16-ladder16k-gemma4-12b.h100.bf16-ladder16k-high_concurrency,0,5dd4747206046db8,p12g: + PLOW_SLIDING_NS_GRID; serving C16/C32 (16 slots),8192,16,1571.13,865.27,57.540,62.120,57.090,0.000,229.810,228.6,1.790,64,8192
2026-09-21T01:17:18Z,9bf120595d17,gemma4-12b.h100.bf16-ladder16k-gemma4-12b.h100.bf16-ladder16k-high_concurrency,0,5dd4747206046db8,p12g: + PLOW_SLIDING_NS_GRID; serving C16/C32 (16 slots),8192,32,8590.18,9191.81,60.170,65.690,59.700,0.000,218.000,228.3,1.780,64,8192
2026-09-21T01:17:18Z,9bf120595d17,gemma4-12b.h100.bf16-ladder16k-gemma4-12b.h100.bf16-ladder16k-high_concurrency,0,5dd4747206046db8,p12g: + PLOW_SLIDING_NS_GRID; serving C16/C32 (16 slots),15000,16,3654.56,1966.58,97.790,108.620,97.020,0.000,273.500,125.4,0.980,64,8192
2026-09-21T01:17:18Z,9bf120595d17,gemma4-12b.h100.bf16-ladder16k-gemma4-12b.h100.bf16-ladder16k-high_concurrency,0,5dd4747206046db8,p12g: + PLOW_SLIDING_NS_GRID; serving C16/C32 (16 slots),15000,32,16133.26,17152.47,106.220,117.530,105.390,0.000,270.780,125.8,0.980,64,8192
