model,kind,phase,batch,query_rows,context,head_dim,q_heads,kv_heads,native_gf,native_splits,fa_version,relative_l2,passed,hot_native_us,hot_vllm_us,evicted_native_us,evicted_vllm_us,native_over_library
gemma12,sliding,decode,1,1,1024,256,16,8,2,17,4,0.00010851003025891259,True,27.712000533938408,17.35999993979931,28.224000707268715,17.664000391960144,1.597826091541246
gemma12,sliding,decode,4,1,1024,256,16,8,2,17,4,0.000440416595665738,True,57.69599974155426,21.808000281453133,57.920001447200775,27.488000690937042,2.1071012802432496
gemma12,sliding,decode,16,1,1024,256,16,8,2,17,4,0.000559660722501576,True,173.68000000715256,55.52000179886818,176.4959990978241,61.87199987471104,2.8525989050818343
gemma12,sliding,decode,1,1,4096,256,16,8,2,17,4,6.233723979676142e-05,True,28.272000141441822,17.008000053465366,27.83999964594841,17.664000391960144,1.5760869015050476
gemma12,sliding,decode,4,1,4096,256,16,8,2,17,4,0.00034226890420541167,True,57.64799937605858,21.136000752449036,58.60799923539162,27.552000246942043,2.1271776535315774
gemma12,sliding,decode,16,1,4096,256,16,8,2,17,4,0.0005628496292047203,True,173.7920045852661,57.455999776721,176.7680048942566,62.432000413537025,2.8313685885984885
gemma12,sliding,decode,1,1,8192,256,16,8,2,17,4,0.00022492876450996846,True,28.464000672101974,17.023999243974686,28.20800058543682,17.56799966096878,1.6056466945469705
gemma12,sliding,decode,4,1,8192,256,16,8,2,17,4,0.00031301475246436894,True,57.53600038588047,21.824000403285027,57.920001447200775,27.488000690937042,2.1071012802432496
gemma12,sliding,decode,16,1,8192,256,16,8,2,17,4,0.0005782324005849659,True,196.17599993944168,63.08799982070923,177.15199291706085,62.6240000128746,2.828819508186014
gemma12,sliding,decode,1,1,32768,256,16,8,2,17,4,0.0002483019488863647,True,29.279999434947968,16.991999931633472,28.01600005477667,17.72800087928772,1.580324834454899
gemma12,sliding,decode,4,1,32768,256,16,8,2,17,4,0.0004608247836586088,True,63.29599767923355,21.90400008112192,58.36799927055836,28.096000663936138,2.0774486720979892
gemma12,sliding,decode,16,1,32768,256,16,8,2,17,4,0.0005668287049047649,True,196.47999852895737,63.040003180503845,197.03999906778336,69.90400329232216,2.818722673776039
gemma12,full,decode,1,1,1024,512,16,1,4,33,4,0.0001262187579413876,True,24.671999737620354,17.08799973130226,24.09599907696247,16.863999888300896,1.4288424594736062
gemma12,full,decode,4,1,1024,512,16,1,4,33,4,0.00012585789954755455,True,54.95999939739704,17.520000226795673,54.16000075638294,18.352000042796135,2.951177017768307
gemma12,full,decode,16,1,1024,512,16,1,4,33,4,0.00023686711210757494,True,178.16000431776047,31.568000093102455,181.2799945473671,31.295999884605408,5.792433384962378
gemma12,full,decode,1,1,4096,512,16,1,4,33,4,3.602290234994143e-05,True,44.47999969124794,21.343999542295933,44.67200115323067,22.111999802291393,2.0202605622582115
gemma12,full,decode,4,1,4096,512,16,1,4,33,4,0.00014362874208018184,True,136.62400096654892,26.33600030094385,137.7279981970787,31.695999205112457,4.345280213625941
gemma12,full,decode,16,1,4096,512,16,1,4,33,4,0.00016715985839255154,True,508.7040066719055,67.88799911737442,513.4879946708679,68.15999746322632,7.533568277315517
gemma12,full,decode,1,1,8192,512,16,1,4,33,4,5.834620606037788e-05,True,72.35199958086014,27.807999402284622,72.1759982407093,30.079999938607216,2.3994680315166
gemma12,full,decode,4,1,8192,512,16,1,4,33,4,0.00012262565724086016,True,244.4160059094429,44.0480001270771,244.87999826669693,46.560000628232956,5.259450063628374
gemma12,full,decode,16,1,8192,512,16,1,4,33,4,0.0002641127211973071,True,939.9199783802032,112.20800131559372,943.0719912052155,112.23999783396721,8.40228091059187
gemma12,full,decode,1,1,32768,512,16,1,4,33,4,9.000140562420711e-05,True,235.56800186634064,50.64000003039837,235.34400016069412,54.23999950289726,4.338938095825814
gemma12,full,decode,4,1,32768,512,16,1,4,33,4,0.00021698720229323953,True,900.3359973430634,108.65600034594536,898.1600105762482,113.10399696230888,7.941010350638216
gemma12,full,decode,16,1,32768,512,16,1,4,33,4,0.00021154386922717094,True,3560.3199005126953,361.392006278038,3556.991934776306,362.3040020465851,9.817699817511118
gemma12,sliding,prefill,1,1024,1024,256,16,8,2,1,4,0.0006660090293735266,True,127.95200198888779,39.08799961209297,127.920001745224,41.58399999141693,3.0761831899679466
gemma12,sliding,prefill,1,1024,4096,256,16,8,2,1,4,0.0007508737617172301,True,180.56000024080276,42.767999693751335,180.65600097179413,45.72799988090992,3.950664832100226
gemma12,sliding,prefill,1,4096,4096,256,16,8,2,1,4,0.0007327541243284941,True,617.9839968681335,138.3039951324463,616.2720024585724,137.43999600410461,4.483934956169291
gemma12,sliding,prefill,1,1024,8192,256,16,8,2,1,4,0.0007465141243301332,True,180.67200481891632,43.18399913609028,181.2319979071617,45.31199857592583,3.999646972169749
gemma12,sliding,prefill,1,8192,8192,256,16,8,2,1,4,0.000740188523195684,True,1260.3360414505005,260.4319900274277,1258.351981639862,258.976012468338,4.858951876068854
gemma12,sliding,prefill,1,1024,32768,256,16,8,2,1,4,0.0007488158298656344,True,180.7520017027855,43.10399852693081,180.25600165128708,45.264000073075294,3.982325940267706
gemma12,sliding,prefill,1,8192,32768,256,16,8,2,1,4,0.000749716826248914,True,1359.279990196228,277.75999903678894,1358.560025691986,275.88799595832825,4.924317279455649
gemma12,full,prefill,1,1024,1024,512,16,1,4,1,4,0.0005609838990494609,True,199.0559995174408,74.30399954319,198.83199781179428,73.5200010240078,2.704461303623569
gemma12,full,prefill,1,1024,4096,512,16,1,4,1,4,0.0006698457873426378,True,861.2799942493439,389.6320015192032,858.1919968128204,392.86400377750397,2.18445056956364
gemma12,full,prefill,1,4096,4096,512,16,1,4,1,4,0.0006315023056231439,True,2052.623987197876,854.0160059928894,2053.7760257720947,851.7920076847076,2.411123850944025
gemma12,full,prefill,1,1024,8192,512,16,1,4,1,4,0.000688318395987153,True,1739.679992198944,821.6480016708374,1738.7999892234802,834.4480097293854,2.083772708364874
gemma12,full,prefill,1,8192,8192,512,16,1,4,1,4,0.0006624899106100202,True,7492.559909820557,3279.695987701416,7489.5360469818115,3274.5280265808105,2.287210854873097
gemma12,full,prefill,1,1024,32768,512,16,1,4,1,4,0.0007074022432789207,True,6997.967958450317,3413.9039516448975,6995.552062988281,3430.240035057068,2.0393768341263905
gemma12,full,prefill,1,8192,32768,512,16,1,4,1,4,0.0007177272345870733,True,49594.22302246094,23273.1351852417,49592.97561645508,23319.631576538086,2.1266620552595112
gemma31,sliding,decode,1,1,1024,256,32,16,2,17,4,0.00018109566008206457,True,37.567999213933945,18.528000451624393,38.2240004837513,20.8320003002882,1.8348694284159783
gemma31,sliding,decode,4,1,1024,256,32,16,2,17,4,0.0004778529400937259,True,96.04800119996071,37.248000502586365,96.70399874448776,42.62400045990944,2.2687687148334184
gemma31,sliding,decode,16,1,1024,256,32,16,2,17,4,0.0006206543184816837,True,332.12800323963165,101.96799784898758,336.7680013179779,106.65600001811981,3.157515763396005
gemma31,sliding,decode,1,1,4096,256,32,16,2,17,4,0.00028109087725169957,True,38.14399987459183,20.128000527620316,38.2080003619194,20.959999412298203,1.822900831738621
gemma31,sliding,decode,4,1,4096,256,32,16,2,17,4,0.00048549490747973323,True,96.11200168728828,37.55199909210205,97.08800166845322,42.78399981558323,2.2692595850538226
gemma31,sliding,decode,16,1,4096,256,32,16,2,17,4,0.0005761049105785787,True,332.7839970588684,105.21600022912025,338.25600147247314,107.02400282025337,3.1605620473808433
gemma31,sliding,decode,1,1,8192,256,32,16,2,17,4,0.0002822513924911618,True,41.10400006175041,18.25599931180477,38.43200020492077,20.94399929046631,1.8349886128202355
gemma31,sliding,decode,4,1,8192,256,32,16,2,17,4,0.000393788970541209,True,96.97600081562996,37.887999787926674,97.37599641084671,42.24000126123428,2.3053028764990455
gemma31,sliding,decode,16,1,8192,256,32,16,2,17,4,0.0005520915728993714,True,376.3999938964844,117.39199981093407,337.74399757385254,106.73600062727928,3.164293168087215
gemma31,sliding,decode,1,1,32768,256,32,16,2,17,4,0.00025312259094789624,True,40.64000025391579,18.192000687122345,38.575999438762665,21.23199962079525,1.8168801868751066
gemma31,sliding,decode,4,1,32768,256,32,16,2,17,4,0.0004460937052499503,True,107.00800269842148,40.20800068974495,107.18399658799171,45.632001012563705,2.3488778534713197
gemma31,sliding,decode,16,1,32768,256,32,16,2,17,4,0.0005613989196717739,True,378.5120099782944,116.94400012493134,378.9599984884262,122.28799983859062,3.098914030719449
gemma31,full,decode,1,1,1024,512,32,4,4,33,4,0.00018443840963300318,True,36.57599911093712,17.040000297129154,36.448001861572266,19.039999693632126,1.9142858428596612
gemma31,full,decode,4,1,1024,512,32,4,4,33,4,0.00019765841716434807,True,104.94400188326836,25.32800007611513,105.04000261425972,31.20000008493662,3.3666667412918727
gemma31,full,decode,16,1,1024,512,32,4,4,33,4,0.0004412671842146665,True,383.4399878978729,66.19200110435486,386.7039978504181,69.68000158667564,5.549712816372329
gemma31,full,decode,1,1,4096,512,32,4,4,33,4,0.000214778192457743,True,79.02399823069572,23.120000027120113,79.31200042366982,31.295999884605408,2.5342536016139117
gemma31,full,decode,4,1,4096,512,32,4,4,33,4,0.00020192594092804939,True,273.77600967884064,62.751999124884605,276.41600370407104,67.4079991877079,4.1006409778511355
gemma31,full,decode,16,1,4096,512,32,4,4,33,4,0.00039152635145001113,True,1091.040015220642,193.63199919462204,1099.503993988037,196.52800261974335,5.594642897355637
gemma31,full,decode,1,1,8192,512,32,4,4,33,4,0.00023819119087420404,True,137.10399717092514,43.18400099873543,137.32799887657166,46.879999339580536,2.9293515531393437
gemma31,full,decode,4,1,8192,512,32,4,4,33,4,0.0002708743850234896,True,503.4559965133667,105.71200028061867,504.65598702430725,109.11999642848969,4.6247800911084775
gemma31,full,decode,16,1,8192,512,32,4,4,33,4,0.00044023682130500674,True,2002.3040771484375,362.09599673748016,2006.9760084152222,364.28800225257874,5.509311303158667
gemma31,full,decode,1,1,32768,512,32,4,4,33,4,0.000135912123369053,True,480.3519994020462,107.35999792814255,484.24001038074493,110.4159988462925,4.385596430231492
gemma31,full,decode,4,1,32768,512,32,4,4,33,4,0.0002847340074367821,True,1896.3040113449097,358.8320016860962,1892.624020576477,362.0480000972748,5.227549993558777
gemma31,full,decode,16,1,32768,512,32,4,4,33,4,0.0003724379639606923,True,7575.808048248291,1367.8399920463562,7575.952053070068,1370.8800077438354,5.52634221104326
gemma31,sliding,prefill,1,1024,1024,256,32,16,2,1,4,0.0006683521205559373,True,216.0320058465004,50.97600072622299,216.0000056028366,50.19200034439564,4.303474739415418
gemma31,sliding,prefill,1,1024,4096,256,32,16,2,1,4,0.0007506352267228067,True,349.42398965358734,79.55200225114822,349.16800260543823,79.58400249481201,4.38741445089043
gemma31,sliding,prefill,1,4096,4096,256,32,16,2,1,4,0.000729657243937254,True,1187.279999256134,238.12799900770187,1186.576008796692,236.30400002002716,5.021396204449047
gemma31,sliding,prefill,1,1024,8192,256,32,16,2,1,4,0.0007536040502600372,True,350.0960022211075,79.52000200748444,349.4720011949539,79.6320028603077,4.388587359883511
gemma31,sliding,prefill,1,8192,8192,256,32,16,2,1,4,0.0007375978748314083,True,2474.3199348449707,486.5120053291321,2473.088026046753,487.5359982252121,5.072626503580431
gemma31,sliding,prefill,1,1024,32768,256,32,16,2,1,4,0.0007501233485527337,True,349.248006939888,79.47200164198875,349.263995885849,79.71200346946716,4.3815734228738945
gemma31,sliding,prefill,1,8192,32768,256,32,16,2,1,4,0.0007499696221202612,True,2676.208019256592,523.2159793376923,2673.8239526748657,523.1199860572815,5.111301468000274
gemma31,full,prefill,1,1024,1024,512,32,4,4,1,4,0.0005632397951558232,True,340.36798775196075,139.0240043401718,340.33599495887756,137.55200058221817,2.4742351512034206
gemma31,full,prefill,1,1024,4096,512,32,4,4,1,4,0.0006692205788567662,True,1657.6640009880066,790.4319763183594,1656.6239595413208,787.2640192508698,2.1042800369788277
gemma31,full,prefill,1,4096,4096,512,32,4,4,1,4,0.00063691521063447,True,3873.9359378814697,1767.3279643058777,3872.480034828186,1763.0079984664917,2.1965186988354937
gemma31,full,prefill,1,1024,8192,512,32,4,4,1,4,0.000692889909259975,True,3412.368059158325,1612.4800443649292,3410.032033920288,1615.5200004577637,2.110795306126846
gemma31,full,prefill,1,8192,8192,512,32,4,4,1,4,0.0006615374004468322,True,14530.207633972168,6733.10399055481,14527.408123016357,6726.495981216431,2.1597289530215695
gemma31,full,prefill,1,1024,32768,512,32,4,4,1,4,0.0007167111034505069,True,13937.024116516113,6920.383930206299,13933.504104614258,7039.103984832764,1.9794428573064038
gemma31,full,prefill,1,8192,32768,512,32,4,4,1,4,0.0007187778828665614,True,98746.62399291992,48452.62336730957,98739.29595947266,49657.19985961914,1.9884185221601007
qwen27,full,decode,1,1,1024,256,24,4,2,11,3,0.0021878168918192387,True,19.360000267624855,15.263999812304974,21.67999930679798,15.728000551462173,1.3784332748374981
qwen27,full,decode,4,1,1024,256,24,4,2,11,3,0.0021432009525597095,True,60.095999389886856,16.335999593138695,60.63999980688095,20.031999796628952,3.0271565706128674
qwen27,full,decode,16,1,1024,256,24,4,2,11,3,0.0021735993213951588,True,217.98399835824966,38.52799907326698,220.46399861574173,42.1920008957386,5.225255828955214
qwen27,full,decode,1,1,4096,256,24,4,2,11,3,0.002174102235585451,True,53.74399945139885,18.543999642133713,53.79199981689453,21.424000151455402,2.5108289505515273
qwen27,full,decode,4,1,4096,256,24,4,2,11,3,0.002148593310266733,True,186.97600066661835,39.37599994242191,188.49600106477737,42.208001017570496,4.465883162443765
qwen27,full,decode,16,1,4096,256,24,4,2,11,3,0.0021661289501935244,True,726.4959812164307,101.77600011229515,728.3999919891357,107.53599926829338,6.773545574927316
qwen27,full,decode,1,1,8192,256,24,4,2,11,3,0.0022709867917001247,True,95.74399888515472,21.90400008112192,95.90400010347366,29.392000287771225,3.2629286596521734
qwen27,full,decode,4,1,8192,256,24,4,2,11,3,0.0021891372743993998,True,354.19200360774994,59.15199965238571,354.8000007867813,65.0399997830391,5.4551045813395715
qwen27,full,decode,16,1,8192,256,24,4,2,11,3,0.0022223142441362143,True,1393.9200043678284,187.02399730682373,1393.936038017273,192.48000532388687,7.241978384568783
qwen27,full,decode,1,1,32768,256,24,4,2,11,3,0.00213429844006896,True,348.4639972448349,61.24800071120262,347.8719890117645,68.1919977068901,5.101360873852441
qwen27,full,decode,4,1,32768,256,24,4,2,11,3,0.0022060570772737265,True,1369.1999912261963,187.00800091028214,1367.583990097046,192.56000220775604,7.102118687252287
qwen27,full,decode,16,1,32768,256,24,4,2,11,3,0.0022368086501955986,True,5444.495916366577,693.343997001648,5439.647912979126,697.9679763317108,7.79354941406928
qwen27,full,prefill,1,1024,1024,256,24,4,2,1,3,0.0014860226074233651,True,174.3519976735115,38.52799907326698,174.9119982123375,39.20000046491623,4.462040717802611
qwen27,full,prefill,1,1024,4096,256,24,4,2,1,3,0.0026989574544131756,True,809.0719878673553,179.1520044207573,808.6880147457123,177.34399437904358,4.559996618872105
qwen27,full,prefill,1,4096,4096,256,24,4,2,1,3,0.0017435529734939337,True,1911.9359850883484,317.56798923015594,1910.7680320739746,315.43999910354614,6.05746905117999
qwen27,full,prefill,1,1024,8192,256,24,4,2,1,3,0.0026652568485587835,True,1656.1440229415894,349.7439920902252,1655.4880142211914,348.91200065612793,4.744715031606971
qwen27,full,prefill,1,8192,8192,256,24,4,2,1,3,0.0018318314105272293,True,7093.919992446899,1141.439974308014,7090.5921459198,1138.9120221138,6.225759328415719
qwen27,full,prefill,1,1024,32768,256,24,4,2,1,3,0.0027034562081098557,True,6732.464075088501,1381.4720511436462,6731.136083602905,1379.8879981040955,4.878030748039831
qwen27,full,prefill,1,8192,32768,256,24,4,2,1,3,0.002700108103454113,True,47700.96015930176,7638.095855712891,47698.768615722656,7633.568048477173,6.248554845232319
