model,batch,context,native_gf,native_splits,native_grouping_control_exact,relative_l2,hot_native_us,hot_vllm_us,evicted_native_us,evicted_vllm_us,experiment,arm,repeat
gemma12,1,1024,16,132,True,3.735986683750525e-05,39.93599861860275,16.063999384641647,41.1360003054142,16.01599995046854,gemma12-candidate-b1-r1,candidate,1
gemma12,1,4096,16,132,True,3.1004248739918694e-05,47.61600121855736,20.44800017029047,47.69599996507168,21.887999959290028,gemma12-candidate-b1-r1,candidate,1
gemma12,1,8192,16,132,True,8.504121069563553e-05,58.22400003671646,26.704000309109688,57.8560009598732,30.047999694943428,gemma12-candidate-b1-r1,candidate,1
gemma12,1,32768,16,132,True,8.143633749568835e-05,117.27999895811081,50.57600140571594,116.44800007343292,53.93599905073643,gemma12-candidate-b1-r1,candidate,1
gemma12,1,1024,16,132,True,3.735986683750525e-05,39.69600051641464,16.24000072479248,39.77599926292896,16.1920003592968,gemma12-candidate-b1-r2,candidate,2
gemma12,1,4096,16,132,True,3.1004248739918694e-05,47.5040003657341,20.368000492453575,47.760000452399254,21.91999927163124,gemma12-candidate-b1-r2,candidate,2
gemma12,1,8192,16,132,True,8.504121069563553e-05,58.111999183893204,26.84800047427416,57.72799998521805,30.17600066959858,gemma12-candidate-b1-r2,candidate,2
gemma12,1,32768,16,132,True,8.143633749568835e-05,117.15199798345566,50.416000187397,116.67200177907944,53.74399945139885,gemma12-candidate-b1-r2,candidate,2
gemma12,4,1024,16,33,True,0.00012299070658627898,31.66399896144867,17.008000053465366,32.336000353097916,18.80000066012144,gemma12-candidate-b4b16-r1,candidate,1
gemma12,16,1024,16,33,True,0.00023605878232046962,93.04000064730644,30.81599995493889,94.25600245594978,30.767999589443207,gemma12-candidate-b4b16-r1,candidate,1
gemma12,4,4096,16,33,True,0.00010091759031638503,62.224000692367554,26.52799990028143,61.48799881339073,31.999999657273293,gemma12-candidate-b4b16-r1,candidate,1
gemma12,16,4096,16,33,True,0.00020147206669207662,212.35200017690659,65.74400141835213,212.68799901008606,68.4799998998642,gemma12-candidate-b4b16-r1,candidate,1
gemma12,4,8192,16,33,True,0.00015009957132861018,101.50399804115295,43.47200132906437,100.54399818181992,47.08800092339516,gemma12-candidate-b4b16-r1,candidate,1
gemma12,16,8192,16,33,True,0.00019941377104260027,370.2560067176819,109.02399942278862,369.6479946374893,112.09600046277046,gemma12-candidate-b4b16-r1,candidate,1
gemma12,4,32768,16,33,True,0.00024941936135292053,340.68799018859863,109.02399942278862,340.38400650024414,114.3679991364479,gemma12-candidate-b4b16-r1,candidate,1
gemma12,16,32768,16,33,True,0.00022691604681313038,1327.5840282440186,361.64799332618713,1329.759955406189,362.4960035085678,gemma12-candidate-b4b16-r1,candidate,1
gemma12,4,1024,16,33,True,0.00012299070658627898,31.599998474121094,16.96000061929226,32.336000353097916,19.07200086861849,gemma12-candidate-b4b16-r2,candidate,2
gemma12,16,1024,16,33,True,0.00023605878232046962,93.21600198745728,30.496000312268734,94.33600306510925,31.3120000064373,gemma12-candidate-b4b16-r2,candidate,2
gemma12,4,4096,16,33,True,0.00010091759031638503,62.44799867272377,27.168000116944313,61.71200051903725,31.984001398086548,gemma12-candidate-b4b16-r2,candidate,2
gemma12,16,4096,16,33,True,0.00020147206669207662,213.1360024213791,67.50399991869926,212.68799901008606,68.31999868154526,gemma12-candidate-b4b16-r2,candidate,2
gemma12,4,8192,16,33,True,0.00015009957132861018,101.77600011229515,43.9200010150671,101.26399993896484,47.42399975657463,gemma12-candidate-b4b16-r2,candidate,2
gemma12,16,8192,16,33,True,0.00019941377104260027,370.9919899702072,110.59200018644333,370.09599804878235,112.28799819946289,gemma12-candidate-b4b16-r2,candidate,2
gemma12,4,32768,16,33,True,0.00024941936135292053,341.40799939632416,109.45599898695946,340.68799018859863,113.8560026884079,gemma12-candidate-b4b16-r2,candidate,2
gemma12,16,32768,16,33,True,0.00022691604681313038,1329.5680284500122,362.5440001487732,1329.807996749878,361.84000968933105,gemma12-candidate-b4b16-r2,candidate,2
gemma12,1,1024,4,33,True,3.735986683750525e-05,20.99199965596199,16.16000011563301,22.895999252796173,16.127999871969223,gemma12-control-r1,control,1
gemma12,4,1024,4,33,True,0.00018609434482641518,51.69599875807762,16.800000332295895,54.46400120854378,19.023999571800232,gemma12-control-r1,control,1
gemma12,16,1024,4,33,True,0.0002452894696034491,177.75999754667282,30.03200050443411,181.42399936914444,31.120000407099724,gemma12-control-r1,control,1
gemma12,1,4096,4,33,True,7.269766501849517e-05,43.43999922275543,20.479999482631683,44.463999569416046,22.14400004595518,gemma12-control-r1,control,1
gemma12,4,4096,4,33,True,0.00016317782865371555,136.08000427484512,27.072000317275524,137.5040039420128,32.46400132775307,gemma12-control-r1,control,1
gemma12,16,4096,4,33,True,0.0002481610281392932,509.0720057487488,65.93599915504456,513.5040283203125,67.96800345182419,gemma12-control-r1,control,1
gemma12,1,8192,4,33,True,5.635537308990024e-05,71.24799862504005,26.415999978780746,72.30399921536446,30.079999938607216,gemma12-control-r1,control,1
gemma12,4,8192,4,33,True,9.710412996355444e-05,252.87999212741852,44.20799948275089,244.91199851036072,47.21600003540516,gemma12-control-r1,control,1
gemma12,16,8192,4,33,True,0.0001788907393347472,938.2400214672089,109.74400117993355,944.128006696701,112.20799759030342,gemma12-control-r1,control,1
gemma12,1,32768,4,33,True,3.421155997784808e-05,235.4080006480217,49.984000623226166,235.4400008916855,54.09599840641022,gemma12-control-r1,control,1
gemma12,4,32768,4,33,True,0.00011681297473842278,935.3280067443848,109.98399928212166,899.5200097560883,113.0560003221035,gemma12-control-r1,control,1
gemma12,16,32768,4,33,True,0.0002534710511099547,3557.808041572571,362.39999532699585,3560.544013977051,362.064003944397,gemma12-control-r1,control,1
gemma12,1,1024,4,33,True,3.735986683750525e-05,21.104000508785248,16.3199994713068,22.735999897122383,16.01599995046854,gemma12-control-r2,control,2
gemma12,4,1024,4,33,True,0.00018609434482641518,52.36800014972687,16.944000497460365,54.15999889373779,18.352000042796135,gemma12-control-r2,control,2
gemma12,16,1024,4,33,True,0.0002452894696034491,178.19199711084366,30.576000921428204,181.2319979071617,30.912000685930252,gemma12-control-r2,control,2
gemma12,1,4096,4,33,True,7.269766501849517e-05,43.79200004041195,20.927999168634415,44.38399896025658,22.016000002622604,gemma12-control-r2,control,2
gemma12,4,4096,4,33,True,0.00016317782865371555,136.6560012102127,26.544000022113323,137.91999965906143,31.82400017976761,gemma12-control-r2,control,2
gemma12,16,4096,4,33,True,0.0002481610281392932,509.7919702529907,68.03200021386147,513.9839947223663,68.11199709773064,gemma12-control-r2,control,2
gemma12,1,8192,4,33,True,5.635537308990024e-05,71.58400118350983,26.623999699950218,71.87200337648392,29.85600009560585,gemma12-control-r2,control,2
gemma12,4,8192,4,33,True,9.710412996355444e-05,244.38399821519852,44.23999972641468,244.7040006518364,46.84799909591675,gemma12-control-r2,control,2
gemma12,16,8192,4,33,True,0.0001788907393347472,939.2319917678833,111.50399968028069,943.9679980278015,111.95200309157372,gemma12-control-r2,control,2
gemma12,1,32768,4,33,True,3.421155997784808e-05,235.3919968008995,50.64000003039837,234.99199748039246,54.17599901556969,gemma12-control-r2,control,2
gemma12,4,32768,4,33,True,0.00011681297473842278,897.9040086269379,111.27999797463417,898.1920182704926,113.08800056576729,gemma12-control-r2,control,2
gemma12,16,32768,4,33,True,0.0002534710511099547,3557.728052139282,364.20799791812897,3557.87193775177,362.60800063610077,gemma12-control-r2,control,2
gemma31,1,1024,8,33,True,0.0002006630675168708,25.824000127613544,17.136000096797943,26.159999892115593,18.400000408291817,gemma31-candidate-r1,candidate,1
gemma31,4,1024,8,33,True,0.0001845392253017053,62.99200281500816,25.696000084280968,63.34399804472923,30.192000791430473,gemma31-candidate-r1,candidate,1
gemma31,16,1024,8,33,True,0.0003687248972710222,241.85600131750107,67.61600077152252,242.51199513673782,69.71200183033943,gemma31-candidate-r1,candidate,1
gemma31,1,4096,8,33,True,0.00021541709429584444,48.287998884916306,24.65599961578846,47.93599992990494,31.168000772595406,gemma31-candidate-r1,candidate,1
gemma31,4,4096,8,33,True,0.00023823596711736172,150.09599924087524,64.38400223851204,149.74399656057358,67.63200089335442,gemma31-candidate-r1,candidate,1
gemma31,16,4096,8,33,True,0.00034583674278110266,588.6240005493164,192.86400079727173,588.096022605896,196.56000286340714,gemma31-candidate-r1,candidate,1
gemma31,1,8192,8,33,True,0.0002541221911087632,77.45600119233131,43.088000267744064,76.60800218582153,46.86399921774864,gemma31-candidate-r1,candidate,1
gemma31,4,8192,8,33,True,0.00015183520736172795,264.41600918769836,106.09600320458412,264.20798897743225,110.11199653148651,gemma31-candidate-r1,candidate,1
gemma31,16,8192,8,33,True,0.00039306579856202006,1046.9120144844055,364.01601135730743,1048.1280088424683,365.9040033817291,gemma31-candidate-r1,candidate,1
gemma31,1,32768,8,33,True,9.063593461178243e-05,251.0560005903244,104.91200163960457,249.7119978070259,111.82400211691856,gemma31-candidate-r1,candidate,1
gemma31,4,32768,8,33,True,0.0002239967870991677,953.5519778728485,361.34400963783264,955.024003982544,362.14400827884674,gemma31-candidate-r1,candidate,1
gemma31,16,32768,8,33,True,0.00035036896588280797,3798.256039619446,1369.5520162582397,3798.4479665756226,1369.3919777870178,gemma31-candidate-r1,candidate,1
gemma31,1,1024,8,33,True,0.0002006630675168708,25.855999439954758,16.416000202298164,26.240000501275063,19.039999693632126,gemma31-candidate-r2,candidate,2
gemma31,4,1024,8,33,True,0.0001845392253017053,62.70400062203407,26.592000387609005,63.4239986538887,30.09600006043911,gemma31-candidate-r2,candidate,2
gemma31,16,1024,8,33,True,0.0003687248972710222,241.56799912452698,66.59199669957161,242.5599992275238,69.91999968886375,gemma31-candidate-r2,candidate,2
gemma31,1,4096,8,33,True,0.00021541709429584444,47.40799963474274,23.744000121951103,48.19199815392494,31.26399964094162,gemma31-candidate-r2,candidate,2
gemma31,4,4096,8,33,True,0.00023823596711736172,149.99999850988388,64.36800211668015,150.12799948453903,67.71200150251389,gemma31-candidate-r2,candidate,2
gemma31,16,4096,8,33,True,0.00034583674278110266,587.2959792613983,194.44800168275833,588.7359976768494,197.05599546432495,gemma31-candidate-r2,candidate,2
gemma31,1,8192,8,33,True,0.0002541221911087632,77.27999985218048,42.71999932825565,76.60800218582153,46.73600010573864,gemma31-candidate-r2,candidate,2
gemma31,4,8192,8,33,True,0.00015183520736172795,263.5039985179901,104.99200224876404,264.6400034427643,109.02400314807892,gemma31-candidate-r2,candidate,2
gemma31,16,8192,8,33,True,0.00039306579856202006,1047.2800135612488,363.2639944553375,1047.2000241279602,365.26399850845337,gemma31-candidate-r2,candidate,2
gemma31,1,32768,8,33,True,9.063593461178243e-05,250.88000297546387,106.78400099277496,250.03200769424438,111.87200248241425,gemma31-candidate-r2,candidate,2
gemma31,4,32768,8,33,True,0.0002239967870991677,954.1600048542023,360.75200140476227,955.0720155239105,362.9920035600662,gemma31-candidate-r2,candidate,2
gemma31,16,32768,8,33,True,0.00035036896588280797,3796.4160442352295,1367.8399920463562,3797.792077064514,1368.1600093841553,gemma31-candidate-r2,candidate,2
gemma31,1,1024,4,33,True,0.0002006630675168708,33.72799977660179,16.303999349474907,34.591998904943466,17.95199979096651,gemma31-control-r1,control,1
gemma31,4,1024,4,33,True,0.0001845392253017053,96.46399691700935,24.992000311613083,98.63999858498573,30.14400042593479,gemma31-control-r1,control,1
gemma31,16,1024,4,33,True,0.0003687248972710222,381.47199153900146,66.94400310516357,385.18400490283966,70.01599669456482,gemma31-control-r1,control,1
gemma31,1,4096,4,33,True,0.00021541709429584444,79.23199981451035,23.53600040078163,79.31200042366982,31.039999797940254,gemma31-control-r1,control,1
gemma31,4,4096,4,33,True,0.00023823596711736172,273.24798703193665,64.41599875688553,274.86400306224823,67.72800162434578,gemma31-control-r1,control,1
gemma31,16,4096,4,33,True,0.00034583674278110266,1088.8000130653381,193.58399510383606,1092.8320288658142,196.56000286340714,gemma31-control-r1,control,1
gemma31,1,8192,4,33,True,0.0002541221911087632,136.4160031080246,43.295999988913536,136.88000291585922,46.959999948740005,gemma31-control-r1,control,1
gemma31,4,8192,4,33,True,0.00015183520736172795,504.2399764060974,105.84000125527382,504.86400723457336,109.98399928212166,gemma31-control-r1,control,1
gemma31,16,8192,4,33,True,0.00039306579856202006,2003.2480955123901,362.8159910440445,2006.3519477844238,365.4720038175583,gemma31-control-r1,control,1
gemma31,1,32768,4,33,True,9.063593461178243e-05,484.2880070209503,105.91999813914299,484.52799022197723,112.17599734663963,gemma31-control-r1,control,1
gemma31,4,32768,4,33,True,0.0002239967870991677,1896.064043045044,362.0319962501526,1892.416000366211,363.40799927711487,gemma31-control-r1,control,1
gemma31,16,32768,4,33,True,0.00035036896588280797,7572.0319747924805,1366.6560053825378,7562.544107437134,1368.4960007667542,gemma31-control-r1,control,1
gemma31,1,1024,4,33,True,0.0002006630675168708,34.272000193595886,16.88000001013279,34.92800146341324,18.432000651955605,gemma31-control-r2,control,2
gemma31,4,1024,4,33,True,0.0001845392253017053,97.29600325226784,26.655999943614006,98.84800016880035,30.192000791430473,gemma31-control-r2,control,2
gemma31,16,1024,4,33,True,0.0003687248972710222,381.20000064373016,68.65600124001503,385.24800539016724,69.95200365781784,gemma31-control-r2,control,2
gemma31,1,4096,4,33,True,0.00021541709429584444,79.42400127649307,24.73600022494793,79.23199981451035,31.26399964094162,gemma31-control-r2,control,2
gemma31,4,4096,4,33,True,0.00023823596711736172,274.6399939060211,64.19199705123901,276.8640071153641,67.52000004053116,gemma31-control-r2,control,2
gemma31,16,4096,4,33,True,0.00034583674278110266,1090.7360315322876,196.03200256824493,1089.24800157547,196.35199755430222,gemma31-control-r2,control,2
gemma31,1,8192,4,33,True,0.0002541221911087632,136.46399974822998,44.14399899542332,136.62400096654892,46.60800099372864,gemma31-control-r2,control,2
gemma31,4,8192,4,33,True,0.00015183520736172795,505.0719976425171,107.12000355124474,505.42399287223816,110.59200018644333,gemma31-control-r2,control,2
gemma31,16,8192,4,33,True,0.00039306579856202006,2006.7520141601562,363.72800171375275,2006.6560506820679,364.9760037660599,gemma31-control-r2,control,2
gemma31,1,32768,4,33,True,9.063593461178243e-05,483.99999737739563,106.49599879980087,484.16000604629517,111.95200309157372,gemma31-control-r2,control,2
gemma31,4,32768,4,33,True,0.0002239967870991677,1896.9600200653076,361.7280125617981,1894.38396692276,364.25599455833435,gemma31-control-r2,control,2
gemma31,16,32768,4,33,True,0.00035036896588280797,7571.023941040039,1368.623971939087,7555.808067321777,1369.5520162582397,gemma31-control-r2,control,2
qwen27,1,1024,6,33,True,0.0021878161933273077,17.632000148296356,15.471999999135733,18.303999677300453,15.744000673294067,qwen27-candidate-r1,candidate,1
qwen27,4,1024,6,33,True,0.002144108060747385,40.272001177072525,16.383999958634377,40.92799872159958,20.464000292122364,qwen27-candidate-r1,candidate,1
qwen27,16,1024,6,33,True,0.002173534594476223,136.78400218486786,39.76000100374222,138.99199664592743,42.41599887609482,qwen27-candidate-r1,candidate,1
qwen27,1,4096,6,33,True,0.002174102235585451,30.62400035560131,18.239999189972878,30.719999223947525,21.568000316619873,qwen27-candidate-r1,candidate,1
qwen27,4,4096,6,33,True,0.002148633124306798,90.65599739551544,38.016000762581825,90.7519981265068,42.55999997258186,qwen27-candidate-r1,candidate,1
qwen27,16,4096,6,33,True,0.0021663487423211336,333.0239951610565,102.68799960613251,335.60000360012054,107.5039990246296,qwen27-candidate-r1,candidate,1
qwen27,1,8192,6,33,True,0.0022709867917001247,47.599999234080315,21.45600039511919,47.02400043606758,29.839999973773956,qwen27-candidate-r1,candidate,1
qwen27,4,8192,6,33,True,0.002189111663028598,153.6320000886917,59.327999129891396,153.951995074749,65.16799703240395,qwen27-candidate-r1,candidate,1
qwen27,16,8192,6,33,True,0.0022223491687327623,585.9520137310028,190.41600078344345,588.7199938297272,192.6399990916252,qwen27-candidate-r1,candidate,1
qwen27,1,32768,6,33,True,0.0021347650326788425,144.54400539398193,61.135999858379364,144.49600130319595,68.27199831604958,qwen27-candidate-r1,candidate,1
qwen27,4,32768,6,33,True,0.0022060293704271317,540.2399897575378,187.1040016412735,539.9679839611053,192.4320012331009,qwen27-candidate-r1,candidate,1
qwen27,16,32768,6,33,True,0.002236811211332679,2117.3120737075806,693.77601146698,2121.664047241211,698.3039975166321,qwen27-candidate-r1,candidate,1
qwen27,1,1024,6,33,True,0.0021878161933273077,17.535999417304993,15.583999920636415,18.303999677300453,15.696000307798386,qwen27-candidate-r2,candidate,2
qwen27,4,1024,6,33,True,0.002144108060747385,40.38400016725063,17.008000053465366,41.08799993991852,20.655999891459942,qwen27-candidate-r2,candidate,2
qwen27,16,1024,6,33,True,0.002173534594476223,136.59200072288513,40.94400070607662,139.23199474811554,42.927999049425125,qwen27-candidate-r2,candidate,2
qwen27,1,4096,6,33,True,0.002174102235585451,30.7839997112751,18.33599992096424,30.81599995493889,21.63200080394745,qwen27-candidate-r2,candidate,2
qwen27,4,4096,6,33,True,0.002148633124306798,90.33600240945816,38.60799968242645,90.84799885749817,42.51199960708618,qwen27-candidate-r2,candidate,2
qwen27,16,4096,6,33,True,0.0021663487423211336,332.94399082660675,104.60799932479858,335.3919982910156,107.744000852108,qwen27-candidate-r2,candidate,2
qwen27,1,8192,6,33,True,0.0022709867917001247,47.120001167058945,21.75999991595745,47.05600067973137,30.047999694943428,qwen27-candidate-r2,candidate,2
qwen27,4,8192,6,33,True,0.002189111663028598,153.80799770355225,59.29599888622761,154.1920006275177,65.34399837255478,qwen27-candidate-r2,candidate,2
qwen27,16,8192,6,33,True,0.0022223491687327623,585.0879848003387,190.11200219392776,588.7840092182159,192.73599982261658,qwen27-candidate-r2,candidate,2
qwen27,1,32768,6,33,True,0.0021347650326788425,144.1439986228943,61.45600043237209,144.41600441932678,68.14399734139442,qwen27-candidate-r2,candidate,2
qwen27,4,32768,6,33,True,0.0022060293704271317,539.1840040683746,187.18399852514267,540.367990732193,193.05599480867386,qwen27-candidate-r2,candidate,2
qwen27,16,32768,6,33,True,0.002236811211332679,2116.912007331848,696.5439915657043,2121.3760375976562,698.0799734592438,qwen27-candidate-r2,candidate,2
qwen27,1,1024,2,11,True,0.0021878168918192387,19.248000346124172,15.39199985563755,21.712000481784344,15.680000185966492,qwen27-control-r1,control,1
qwen27,4,1024,2,11,True,0.0021432009525597095,59.90399979054928,16.3199994713068,60.92799827456474,19.984000362455845,qwen27-control-r1,control,1
qwen27,16,1024,2,11,True,0.0021735993213951588,218.56000274419785,38.15999999642372,220.60799598693848,42.1920008957386,qwen27-control-r1,control,1
qwen27,1,4096,2,11,True,0.002174102235585451,53.79199981689453,18.17600056529045,54.07999828457832,21.51999995112419,qwen27-control-r1,control,1
qwen27,4,4096,2,11,True,0.002148593310266733,188.76799941062927,37.34400123357773,188.20799887180328,42.288001626729965,qwen27-control-r1,control,1
qwen27,16,4096,2,11,True,0.0021661289501935244,725.9200215339661,102.63999924063683,728.8959920406342,107.53599926829338,qwen27-control-r1,control,1
qwen27,1,8192,2,11,True,0.0022709867917001247,95.47199681401253,21.536000072956085,95.83999961614609,29.56799976527691,qwen27-control-r1,control,1
qwen27,4,8192,2,11,True,0.0021891372743993998,352.7199923992157,58.9120015501976,353.7919968366623,65.42399898171425,qwen27-control-r1,control,1
qwen27,16,8192,2,11,True,0.0022223142441362143,1392.9279446601868,188.91200423240662,1393.9840197563171,192.7039995789528,qwen27-control-r1,control,1
qwen27,1,32768,2,11,True,0.00213429844006896,347.55200147628784,61.2960010766983,348.59199821949005,68.38399916887283,qwen27-control-r1,control,1
qwen27,4,32768,2,11,True,0.0022060570772737265,1358.7200045585632,187.03999370336533,1366.3519620895386,193.29600036144257,qwen27-control-r1,control,1
qwen27,16,32768,2,11,True,0.0022368086501955986,5442.447900772095,693.2640075683594,5440.464019775391,698.5599994659424,qwen27-control-r1,control,1
qwen27,1,1024,2,11,True,0.0021878168918192387,19.519999623298645,15.552000142633915,21.856000646948814,15.647999942302704,qwen27-control-r2,control,2
qwen27,4,1024,2,11,True,0.0021432009525597095,60.62399968504906,16.656000167131424,60.95999851822853,20.255999639630318,qwen27-control-r2,control,2
qwen27,16,1024,2,11,True,0.0021735993213951588,218.75200420618057,38.46400044858456,220.06399929523468,42.17600077390671,qwen27-control-r2,control,2
qwen27,1,4096,2,11,True,0.002174102235585451,53.58400009572506,18.36800016462803,54.06400002539158,21.55200019478798,qwen27-control-r2,control,2
qwen27,4,4096,2,11,True,0.002148593310266733,188.76800686120987,37.21600025892258,188.30399960279465,42.24000126123428,qwen27-control-r2,control,2
qwen27,16,4096,2,11,True,0.0021661289501935244,726.1439859867096,102.14399918913841,729.1040122509003,107.64800012111664,qwen27-control-r2,control,2
qwen27,1,8192,2,11,True,0.0022709867917001247,95.72799876332283,21.887999959290028,95.75999900698662,29.360000044107437,qwen27-control-r2,control,2
qwen27,4,8192,2,11,True,0.0021891372743993998,353.84000837802887,58.3840012550354,354.0320098400116,64.99199941754341,qwen27-control-r2,control,2
qwen27,16,8192,2,11,True,0.0022223142441362143,1391.9999599456787,187.80799955129623,1394.1920399665833,192.81599670648575,qwen27-control-r2,control,2
qwen27,1,32768,2,11,True,0.00213429844006896,348.5279977321625,61.39199994504452,348.703995347023,68.09599697589874,qwen27-control-r2,control,2
qwen27,4,32768,2,11,True,0.0022060570772737265,1360.207974910736,187.1199980378151,1366.0160303115845,192.6400065422058,qwen27-control-r2,control,2
qwen27,16,32768,2,11,True,0.0022368086501955986,5444.6399211883545,694.703996181488,5437.6959800720215,698.0800032615662,qwen27-control-r2,control,2
