# NVIDIA H100 80GB HBM3, 132 SMs, cold weights, 11 repetitions; synthetic BF16 inputs
M,N,K,variant,us,weight_GBs,lt_mismatches,max_abs_lt,cpu_max_abs,cpu_failures,repeat_mismatches
1,512,3840,cublaslt,10.592,371.24,0,0,0.001910122,0,0
1,512,3840,native_gemv_grid132,10.432,376.93,0,0,0.001910122,0,0
1,512,3840,native_gemv_grid528,13.024,301.92,0,0,0.001910122,0,0
1,512,3840,existing_s1,37.216,105.66,0,0,0.001910122,0,0
1,512,3840,transpose_bk128_d3_s1,29.440,133.57,0,0,0.001910122,0,0
1,512,3840,transpose_bk256_d2_s1,22.592,174.05,0,0,0.001910122,0,0
1,512,3840,driver_transpose_bk128_d3_s1,25.824,152.27,0,0,0.001910122,0,0
1,512,3840,driver_transpose_bk256_d2_s1,24.704,159.17,0,0,0.001910122,0,0
1,512,3840,existing_s4,15.488,253.88,0,0,0.001910122,0,0
1,512,3840,transpose_bk128_d3_s4,13.600,289.13,0,0,0.001910122,0,0
1,512,3840,transpose_bk256_d2_s4,10.976,358.25,0,0,0.001910122,0,0
1,512,3840,driver_transpose_bk128_d3_s4,13.984,281.19,0,0,0.001910122,0,0
1,512,3840,driver_transpose_bk256_d2_s4,11.360,346.14,0,0,0.001910122,0,0
1,512,3840,existing_s8,11.712,335.74,0,0,0.001910122,0,0
1,512,3840,transpose_bk128_d3_s8,9.472,415.14,0,0,0.001910122,0,0
1,512,3840,transpose_bk256_d2_s8,9.184,428.15,0,0,0.001910122,0,0
1,512,3840,driver_transpose_bk128_d3_s8,9.536,412.35,0,0,0.001910122,0,0
1,512,3840,driver_transpose_bk256_d2_s8,9.504,413.74,0,0,0.001910122,0,0
2,512,3840,cublaslt,10.592,371.24,0,0,0.001910122,0,0
2,512,3840,native_gemv_grid132,13.216,297.53,0,0,0.001910122,0,0
2,512,3840,native_gemv_grid528,16.288,241.41,0,0,0.001910122,0,0
2,512,3840,existing_s1,37.376,105.21,0,0,0.001910122,0,0
2,512,3840,transpose_bk128_d3_s1,29.312,134.15,0,0,0.001910122,0,0
2,512,3840,transpose_bk256_d2_s1,22.624,173.80,0,0,0.001910122,0,0
2,512,3840,driver_transpose_bk128_d3_s1,26.208,150.04,0,0,0.001910122,0,0
2,512,3840,driver_transpose_bk256_d2_s1,24.544,160.21,0,0,0.001910122,0,0
2,512,3840,existing_s4,15.168,259.24,0,0,0.001910122,0,0
2,512,3840,transpose_bk128_d3_s4,13.472,291.88,0,0,0.001910122,0,0
2,512,3840,transpose_bk256_d2_s4,10.816,363.55,0,0,0.001910122,0,0
2,512,3840,driver_transpose_bk128_d3_s4,13.792,285.10,0,0,0.001910122,0,0
2,512,3840,driver_transpose_bk256_d2_s4,11.424,344.20,0,0,0.001910122,0,0
2,512,3840,existing_s8,11.968,328.56,0,0,0.001910122,0,0
2,512,3840,transpose_bk128_d3_s8,9.760,402.89,0,0,0.001910122,0,0
2,512,3840,transpose_bk256_d2_s8,8.960,438.86,0,0,0.001910122,0,0
2,512,3840,driver_transpose_bk128_d3_s8,9.344,420.82,0,0,0.001910122,0,0
2,512,3840,driver_transpose_bk256_d2_s8,9.504,413.74,0,0,0.001910122,0,0
4,512,3840,cublaslt,10.592,371.24,0,0,0.001867683,0,0
4,512,3840,native_gemv_grid132,14.272,275.52,0,0,0.001867683,0,0
4,512,3840,native_gemv_grid528,18.336,214.45,0,0,0.001867683,0,0
4,512,3840,existing_s1,38.272,102.74,1,7.629395e-06,0.001867683,0,0
4,512,3840,transpose_bk128_d3_s1,29.440,133.57,1,7.629395e-06,0.001867683,0,0
4,512,3840,transpose_bk256_d2_s1,22.624,173.80,1,7.629395e-06,0.001867683,0,0
4,512,3840,driver_transpose_bk128_d3_s1,26.080,150.77,1,7.629395e-06,0.001867683,0,0
4,512,3840,driver_transpose_bk256_d2_s1,24.704,159.17,1,7.629395e-06,0.001867683,0,0
4,512,3840,existing_s4,16.800,234.06,1,7.629395e-06,0.001867683,0,0
4,512,3840,transpose_bk128_d3_s4,13.568,289.81,1,7.629395e-06,0.001867683,0,0
4,512,3840,transpose_bk256_d2_s4,10.944,359.30,1,7.629395e-06,0.001867683,0,0
4,512,3840,driver_transpose_bk128_d3_s4,13.888,283.13,1,7.629395e-06,0.001867683,0,0
4,512,3840,driver_transpose_bk256_d2_s4,11.616,338.51,1,7.629395e-06,0.001867683,0,0
4,512,3840,existing_s8,12.672,310.30,0,0,0.001867683,0,0
4,512,3840,transpose_bk128_d3_s8,9.440,416.54,0,0,0.001867683,0,0
4,512,3840,transpose_bk256_d2_s8,9.152,429.65,0,0,0.001867683,0,0
4,512,3840,driver_transpose_bk128_d3_s8,9.696,405.54,0,0,0.001867683,0,0
4,512,3840,driver_transpose_bk256_d2_s8,9.504,413.74,0,0,0.001867683,0,0
8,512,3840,cublaslt,10.624,370.12,0,0,0.001867683,0,0
8,512,3840,native_gemv_grid132,15.072,260.89,1,1.525879e-05,0.001867683,0,0
8,512,3840,native_gemv_grid528,19.776,198.83,1,1.525879e-05,0.001867683,0,0
8,512,3840,existing_s1,38.272,102.74,3,1.525879e-05,0.001867683,0,0
8,512,3840,transpose_bk128_d3_s1,29.472,133.42,3,1.525879e-05,0.001867683,0,0
8,512,3840,transpose_bk256_d2_s1,22.624,173.80,3,1.525879e-05,0.001867683,0,0
8,512,3840,driver_transpose_bk128_d3_s1,25.888,151.89,3,1.525879e-05,0.001867683,0,0
8,512,3840,driver_transpose_bk256_d2_s1,24.768,158.76,3,1.525879e-05,0.001867683,0,0
8,512,3840,existing_s4,16.928,232.29,1,7.629395e-06,0.001867683,0,0
8,512,3840,transpose_bk128_d3_s4,13.600,289.13,1,7.629395e-06,0.001867683,0,0
8,512,3840,transpose_bk256_d2_s4,10.944,359.30,1,7.629395e-06,0.001867683,0,0
8,512,3840,driver_transpose_bk128_d3_s4,14.016,280.55,1,7.629395e-06,0.001867683,0,0
8,512,3840,driver_transpose_bk256_d2_s4,11.616,338.51,1,7.629395e-06,0.001867683,0,0
8,512,3840,existing_s8,12.640,311.09,1,1.525879e-05,0.001867683,0,0
8,512,3840,transpose_bk128_d3_s8,9.472,415.14,1,1.525879e-05,0.001867683,0,0
8,512,3840,transpose_bk256_d2_s8,9.280,423.72,1,1.525879e-05,0.001867683,0,0
8,512,3840,driver_transpose_bk128_d3_s8,9.664,406.89,1,1.525879e-05,0.001867683,0,0
8,512,3840,driver_transpose_bk256_d2_s8,9.504,413.74,1,1.525879e-05,0.001867683,0,0
16,512,3840,cublaslt,10.624,370.12,0,0,0.001867683,0,0
16,512,3840,native_gemv_grid132,25.248,155.74,5,1.525879e-05,0.001867683,0,0
16,512,3840,native_gemv_grid528,34.528,113.88,5,1.525879e-05,0.001867683,0,0
16,512,3840,existing_s1,38.432,102.31,14,0.001953125,0.001867683,0,0
16,512,3840,transpose_bk128_d3_s1,33.376,117.81,14,0.001953125,0.001867683,0,0
16,512,3840,transpose_bk256_d2_s1,26.272,149.67,14,0.001953125,0.001867683,0,0
16,512,3840,driver_transpose_bk128_d3_s1,33.088,118.84,14,0.001953125,0.001867683,0,0
16,512,3840,driver_transpose_bk256_d2_s1,30.560,128.67,14,0.001953125,0.001867683,0,0
16,512,3840,existing_s4,17.088,230.11,3,7.629395e-06,0.001867683,0,1
16,512,3840,transpose_bk128_d3_s4,14.432,272.46,4,7.629395e-06,0.001867683,0,0
16,512,3840,transpose_bk256_d2_s4,12.000,327.68,4,7.629395e-06,0.001867683,0,0
16,512,3840,driver_transpose_bk128_d3_s4,15.552,252.84,4,7.629395e-06,0.001867683,0,0
16,512,3840,driver_transpose_bk256_d2_s4,13.088,300.44,4,7.629395e-06,0.001867683,0,0
16,512,3840,existing_s8,12.928,304.16,7,0.0009765625,0.001867683,0,0
16,512,3840,transpose_bk128_d3_s8,9.984,393.85,6,0.0009765625,0.001867683,0,0
16,512,3840,transpose_bk256_d2_s8,9.568,410.97,6,0.0009765625,0.001867683,0,0
16,512,3840,driver_transpose_bk128_d3_s8,10.368,379.26,6,0.0009765625,0.001867683,0,0
16,512,3840,driver_transpose_bk256_d2_s8,9.952,395.11,6,0.0009765625,0.001867683,0,0
1,2048,3840,cublaslt,13.056,1204.71,0,0,0.000910902,0,0
1,2048,3840,native_gemv_grid132,15.360,1024.00,2,0.0009765625,0.000910902,0,0
1,2048,3840,native_gemv_grid528,16.000,983.04,2,0.0009765625,0.000910902,0,0
1,2048,3840,existing_s1,39.072,402.56,5,6.103516e-05,0.000910902,0,0
1,2048,3840,transpose_bk128_d3_s1,29.824,527.38,5,6.103516e-05,0.000910902,0,0
1,2048,3840,transpose_bk256_d2_s1,22.816,689.37,5,6.103516e-05,0.000910902,0,0
1,2048,3840,driver_transpose_bk128_d3_s1,28.288,556.02,5,6.103516e-05,0.000910902,0,0
1,2048,3840,driver_transpose_bk256_d2_s1,24.928,630.96,5,6.103516e-05,0.000910902,0,0
1,2048,3840,existing_s4,17.856,880.86,1,0.0009765625,0.000910902,0,0
1,2048,3840,transpose_bk128_d3_s4,12.960,1213.63,1,0.0009765625,0.000910902,0,0
1,2048,3840,transpose_bk256_d2_s4,12.960,1213.63,1,0.0009765625,0.000910902,0,0
1,2048,3840,driver_transpose_bk128_d3_s4,13.120,1198.83,1,0.0009765625,0.000910902,0,0
1,2048,3840,driver_transpose_bk256_d2_s4,13.376,1175.89,1,0.0009765625,0.000910902,0,0
1,2048,3840,existing_s8,16.576,948.88,2,0.0009765625,0.000910902,0,0
1,2048,3840,transpose_bk128_d3_s8,12.640,1244.35,2,0.0009765625,0.000910902,0,0
1,2048,3840,transpose_bk256_d2_s8,12.320,1276.68,2,0.0009765625,0.000910902,0,0
1,2048,3840,driver_transpose_bk128_d3_s8,12.736,1234.97,2,0.0009765625,0.000910902,0,0
1,2048,3840,driver_transpose_bk256_d2_s8,12.384,1270.08,2,0.0009765625,0.000910902,0,0
2,2048,3840,cublaslt,12.928,1216.63,0,0,0.001901201,0,0
2,2048,3840,native_gemv_grid132,19.104,823.32,3,0.0009765625,0.001901201,0,0
2,2048,3840,native_gemv_grid528,19.648,800.52,3,0.0009765625,0.001901201,0,0
2,2048,3840,existing_s1,38.560,407.90,7,6.103516e-05,0.001901201,0,0
2,2048,3840,transpose_bk128_d3_s1,29.824,527.38,7,6.103516e-05,0.001901201,0,0
2,2048,3840,transpose_bk256_d2_s1,22.816,689.37,7,6.103516e-05,0.001901201,0,0
2,2048,3840,driver_transpose_bk128_d3_s1,28.224,557.28,7,6.103516e-05,0.001901201,0,0
2,2048,3840,driver_transpose_bk256_d2_s1,24.800,634.22,7,6.103516e-05,0.001901201,0,0
2,2048,3840,existing_s4,18.016,873.04,1,0.0009765625,0.001901201,0,0
2,2048,3840,transpose_bk128_d3_s4,13.536,1161.99,1,0.0009765625,0.001901201,0,0
2,2048,3840,transpose_bk256_d2_s4,12.480,1260.31,1,0.0009765625,0.001901201,0,0
2,2048,3840,driver_transpose_bk128_d3_s4,13.984,1124.76,1,0.0009765625,0.001901201,0,0
2,2048,3840,driver_transpose_bk256_d2_s4,12.864,1222.69,1,0.0009765625,0.001901201,0,0
2,2048,3840,existing_s8,16.064,979.12,3,0.0009765625,0.001901201,0,0
2,2048,3840,transpose_bk128_d3_s8,12.384,1270.08,3,0.0009765625,0.001901201,0,0
2,2048,3840,transpose_bk256_d2_s8,12.960,1213.63,3,0.0009765625,0.001901201,0,0
2,2048,3840,driver_transpose_bk128_d3_s8,12.448,1263.55,3,0.0009765625,0.001901201,0,0
2,2048,3840,driver_transpose_bk256_d2_s8,13.056,1204.71,3,0.0009765625,0.001901201,0,0
4,2048,3840,cublaslt,13.056,1204.71,0,0,0.001901201,0,0
4,2048,3840,native_gemv_grid132,21.984,715.46,8,0.0009765625,0.001901201,0,0
4,2048,3840,native_gemv_grid528,21.952,716.50,8,0.0009765625,0.001901201,0,0
4,2048,3840,existing_s1,39.264,400.59,15,6.103516e-05,0.001901201,0,0
4,2048,3840,transpose_bk128_d3_s1,29.824,527.38,15,6.103516e-05,0.001901201,0,0
4,2048,3840,transpose_bk256_d2_s1,22.752,691.31,15,6.103516e-05,0.001901201,0,0
4,2048,3840,driver_transpose_bk128_d3_s1,28.256,556.65,15,6.103516e-05,0.001901201,0,0
4,2048,3840,driver_transpose_bk256_d2_s1,24.768,635.04,15,6.103516e-05,0.001901201,0,0
4,2048,3840,existing_s4,18.016,873.04,7,0.0009765625,0.001901201,0,0
4,2048,3840,transpose_bk128_d3_s4,12.992,1210.64,7,0.0009765625,0.001901201,0,0
4,2048,3840,transpose_bk256_d2_s4,13.056,1204.71,7,0.0009765625,0.001901201,0,0
4,2048,3840,driver_transpose_bk128_d3_s4,13.312,1181.54,7,0.0009765625,0.001901201,0,0
4,2048,3840,driver_transpose_bk256_d2_s4,13.280,1184.39,7,0.0009765625,0.001901201,0,0
4,2048,3840,existing_s8,16.704,941.61,8,0.0009765625,0.001901201,0,0
4,2048,3840,transpose_bk128_d3_s8,13.056,1204.71,8,0.0009765625,0.001901201,0,0
4,2048,3840,transpose_bk256_d2_s8,12.448,1263.55,8,0.0009765625,0.001901201,0,0
4,2048,3840,driver_transpose_bk128_d3_s8,12.896,1219.65,8,0.0009765625,0.001901201,0,0
4,2048,3840,driver_transpose_bk256_d2_s8,12.416,1266.80,8,0.0009765625,0.001901201,0,0
8,2048,3840,cublaslt,13.056,1204.71,0,0,0.001901201,0,0
8,2048,3840,native_gemv_grid132,25.536,615.94,15,0.0009765625,0.001901201,0,0
8,2048,3840,native_gemv_grid528,25.728,611.34,15,0.0009765625,0.001901201,0,0
8,2048,3840,existing_s1,38.976,403.55,23,0.0009765625,0.001901201,0,0
8,2048,3840,transpose_bk128_d3_s1,29.760,528.52,23,0.0009765625,0.001901201,0,0
8,2048,3840,transpose_bk256_d2_s1,22.848,688.40,23,0.0009765625,0.001901201,0,0
8,2048,3840,driver_transpose_bk128_d3_s1,28.288,556.02,23,0.0009765625,0.001901201,0,0
8,2048,3840,driver_transpose_bk256_d2_s1,24.800,634.22,23,0.0009765625,0.001901201,0,0
8,2048,3840,existing_s4,18.272,860.81,12,0.0009765625,0.001901201,0,0
8,2048,3840,transpose_bk128_d3_s4,13.728,1145.73,13,0.0009765625,0.001901201,0,0
8,2048,3840,transpose_bk256_d2_s4,12.480,1260.31,13,0.0009765625,0.001901201,0,0
8,2048,3840,driver_transpose_bk128_d3_s4,13.984,1124.76,13,0.0009765625,0.001901201,0,0
8,2048,3840,driver_transpose_bk256_d2_s4,13.312,1181.54,13,0.0009765625,0.001901201,0,0
8,2048,3840,existing_s8,16.384,960.00,15,0.0009765625,0.001901201,0,2
8,2048,3840,transpose_bk128_d3_s8,12.576,1250.69,15,0.0009765625,0.001901201,0,0
8,2048,3840,transpose_bk256_d2_s8,13.216,1190.12,15,0.0009765625,0.001901201,0,0
8,2048,3840,driver_transpose_bk128_d3_s8,12.288,1280.00,15,0.0009765625,0.001901201,0,0
8,2048,3840,driver_transpose_bk256_d2_s8,13.184,1193.01,15,0.0009765625,0.001901201,0,0
16,2048,3840,cublaslt,13.056,1204.71,0,0,0.001901201,0,0
16,2048,3840,native_gemv_grid132,41.440,379.55,30,0.0009765625,0.001901201,0,0
16,2048,3840,native_gemv_grid528,45.760,343.72,30,0.0009765625,0.001901201,0,0
16,2048,3840,existing_s1,39.328,399.93,53,0.001953125,0.001901201,0,0
16,2048,3840,transpose_bk128_d3_s1,33.888,464.14,53,0.001953125,0.001901201,0,0
16,2048,3840,transpose_bk256_d2_s1,26.432,595.06,53,0.001953125,0.001901201,0,0
16,2048,3840,driver_transpose_bk128_d3_s1,33.472,469.90,53,0.001953125,0.001901201,0,0
16,2048,3840,driver_transpose_bk256_d2_s1,30.592,514.14,53,0.001953125,0.001901201,0,0
16,2048,3840,existing_s4,18.496,850.38,26,0.0009765625,0.001901201,0,0
16,2048,3840,transpose_bk128_d3_s4,14.080,1117.09,27,0.0009765625,0.001901201,0,0
16,2048,3840,transpose_bk256_d2_s4,14.048,1119.64,27,0.0009765625,0.001901201,0,0
16,2048,3840,driver_transpose_bk128_d3_s4,15.072,1043.57,27,0.0009765625,0.001901201,0,0
16,2048,3840,driver_transpose_bk256_d2_s4,14.656,1073.19,27,0.0009765625,0.001901201,0,0
16,2048,3840,existing_s8,18.208,863.83,32,0.0009765625,0.001901201,0,5
16,2048,3840,transpose_bk128_d3_s8,13.664,1151.10,29,0.0009765625,0.001901201,0,0
16,2048,3840,transpose_bk256_d2_s8,13.152,1195.91,29,0.0009765625,0.001901201,0,0
16,2048,3840,driver_transpose_bk128_d3_s8,13.024,1207.67,29,0.0009765625,0.001901201,0,0
16,2048,3840,driver_transpose_bk256_d2_s8,12.864,1222.69,29,0.0009765625,0.001901201,0,0
1,3840,4096,cublaslt,15.168,2073.92,0,0,0.001793924,0,0
1,3840,4096,native_gemv_grid132,22.048,1426.76,7,0.001953125,0.001793924,0,0
1,3840,4096,native_gemv_grid528,20.768,1514.70,7,0.001953125,0.001793924,0,0
1,3840,4096,existing_s1,40.288,780.81,0,0,0.001793924,0,0
1,3840,4096,transpose_bk128_d3_s1,31.616,994.98,0,0,0.001793924,0,0
1,3840,4096,transpose_bk256_d2_s1,24.320,1293.47,0,0,0.001793924,0,0
1,3840,4096,driver_transpose_bk128_d3_s1,28.416,1107.03,0,0,0.001793924,0,0
1,3840,4096,driver_transpose_bk256_d2_s1,26.464,1188.68,0,0,0.001793924,0,0
1,3840,4096,existing_s4,21.472,1465.04,5,0.0009765625,0.001793924,0,0
1,3840,4096,transpose_bk128_d3_s4,17.280,1820.44,5,0.0009765625,0.001793924,0,0
1,3840,4096,transpose_bk256_d2_s4,17.984,1749.18,5,0.0009765625,0.001793924,0,0
1,3840,4096,driver_transpose_bk128_d3_s4,17.632,1784.10,5,0.0009765625,0.001793924,0,0
1,3840,4096,driver_transpose_bk256_d2_s4,17.888,1758.57,5,0.0009765625,0.001793924,0,0
1,3840,4096,existing_s8,22.560,1394.38,8,0.001953125,0.001793924,0,1
1,3840,4096,transpose_bk128_d3_s8,19.712,1595.84,8,0.001953125,0.001793924,0,0
1,3840,4096,transpose_bk256_d2_s8,19.168,1641.14,8,0.001953125,0.001793924,0,0
1,3840,4096,driver_transpose_bk128_d3_s8,19.712,1595.84,8,0.001953125,0.001793924,0,0
1,3840,4096,driver_transpose_bk256_d2_s8,19.104,1646.63,8,0.001953125,0.001793924,0,0
2,3840,4096,cublaslt,15.392,2043.74,0,0,0.0009963008,0,0
2,3840,4096,native_gemv_grid132,27.040,1163.36,17,0.001953125,0.0009963008,0,0
2,3840,4096,native_gemv_grid528,24.640,1276.68,17,0.001953125,0.0009963008,0,0
2,3840,4096,existing_s1,41.152,764.42,0,0,0.0009963008,0,0
2,3840,4096,transpose_bk128_d3_s1,31.680,992.97,0,0,0.0009963008,0,0
2,3840,4096,transpose_bk256_d2_s1,24.320,1293.47,0,0,0.0009963008,0,0
2,3840,4096,driver_transpose_bk128_d3_s1,28.448,1105.78,0,0,0.0009963008,0,0
2,3840,4096,driver_transpose_bk256_d2_s1,26.400,1191.56,0,0,0.0009963008,0,0
2,3840,4096,existing_s4,23.488,1339.29,16,0.001953125,0.0009963008,0,0
2,3840,4096,transpose_bk128_d3_s4,18.048,1742.98,16,0.001953125,0.0009963008,0,0
2,3840,4096,transpose_bk256_d2_s4,17.760,1771.24,16,0.001953125,0.0009963008,0,0
2,3840,4096,driver_transpose_bk128_d3_s4,17.792,1768.06,16,0.001953125,0.0009963008,0,0
2,3840,4096,driver_transpose_bk256_d2_s4,17.664,1780.87,16,0.001953125,0.0009963008,0,0
2,3840,4096,existing_s8,23.552,1335.65,19,0.001953125,0.0009963008,0,1
2,3840,4096,transpose_bk128_d3_s8,19.328,1627.55,19,0.001953125,0.0009963008,0,0
2,3840,4096,transpose_bk256_d2_s8,19.456,1616.84,19,0.001953125,0.0009963008,0,0
2,3840,4096,driver_transpose_bk128_d3_s8,19.648,1601.04,19,0.001953125,0.0009963008,0,0
2,3840,4096,driver_transpose_bk256_d2_s8,19.648,1601.04,19,0.001953125,0.0009963008,0,0
4,3840,4096,cublaslt,15.168,2073.92,0,0,0.0009309797,0,0
4,3840,4096,native_gemv_grid132,31.232,1007.21,32,0.001953125,0.0009309797,0,0
4,3840,4096,native_gemv_grid528,27.968,1124.76,32,0.001953125,0.0009309797,0,0
4,3840,4096,existing_s1,40.320,780.19,0,0,0.0009309797,0,0
4,3840,4096,transpose_bk128_d3_s1,31.680,992.97,0,0,0.0009309797,0,0
4,3840,4096,transpose_bk256_d2_s1,24.352,1291.77,0,0,0.0009309797,0,0
4,3840,4096,driver_transpose_bk128_d3_s1,28.256,1113.30,0,0,0.0009309797,0,0
4,3840,4096,driver_transpose_bk256_d2_s1,26.432,1190.12,0,0,0.0009309797,0,0
4,3840,4096,existing_s4,21.728,1447.78,31,0.001953125,0.0009309797,0,0
4,3840,4096,transpose_bk128_d3_s4,18.080,1739.89,31,0.001953125,0.0009309797,0,0
4,3840,4096,transpose_bk256_d2_s4,17.856,1761.72,31,0.001953125,0.0009309797,0,0
4,3840,4096,driver_transpose_bk128_d3_s4,17.792,1768.06,31,0.001953125,0.0009309797,0,0
4,3840,4096,driver_transpose_bk256_d2_s4,17.344,1813.73,31,0.001953125,0.0009309797,0,0
4,3840,4096,existing_s8,22.528,1396.36,35,0.001953125,0.0009309797,0,0
4,3840,4096,transpose_bk128_d3_s8,19.424,1619.51,35,0.001953125,0.0009309797,0,0
4,3840,4096,transpose_bk256_d2_s8,19.552,1608.90,35,0.001953125,0.0009309797,0,0
4,3840,4096,driver_transpose_bk128_d3_s8,20.192,1557.91,35,0.001953125,0.0009309797,0,0
4,3840,4096,driver_transpose_bk256_d2_s8,19.840,1585.55,35,0.001953125,0.0009309797,0,0
8,3840,4096,cublaslt,15.808,1989.96,0,0,0.001734847,0,0
8,3840,4096,native_gemv_grid132,40.224,782.05,65,0.001953125,0.001734847,0,0
8,3840,4096,native_gemv_grid528,35.008,898.57,65,0.001953125,0.001734847,0,0
8,3840,4096,existing_s1,41.568,756.77,0,0,0.001734847,0,0
8,3840,4096,transpose_bk128_d3_s1,31.744,990.97,0,0,0.001734847,0,0
8,3840,4096,transpose_bk256_d2_s1,24.352,1291.77,0,0,0.001734847,0,0
8,3840,4096,driver_transpose_bk128_d3_s1,28.480,1104.54,0,0,0.001734847,0,0
8,3840,4096,driver_transpose_bk256_d2_s1,26.464,1188.68,0,0,0.001734847,0,0
8,3840,4096,existing_s4,22.912,1372.96,61,0.001953125,0.001734847,0,0
8,3840,4096,transpose_bk128_d3_s4,18.528,1697.82,61,0.001953125,0.001734847,0,0
8,3840,4096,transpose_bk256_d2_s4,18.112,1736.82,61,0.001953125,0.001734847,0,0
8,3840,4096,driver_transpose_bk128_d3_s4,17.888,1758.57,61,0.001953125,0.001734847,0,0
8,3840,4096,driver_transpose_bk256_d2_s4,17.952,1752.30,61,0.001953125,0.001734847,0,0
8,3840,4096,existing_s8,23.904,1315.98,69,0.001953125,0.001734847,0,2
8,3840,4096,transpose_bk128_d3_s8,20.128,1562.86,69,0.001953125,0.001734847,0,0
8,3840,4096,transpose_bk256_d2_s8,19.360,1624.86,69,0.001953125,0.001734847,0,0
8,3840,4096,driver_transpose_bk128_d3_s8,20.224,1555.44,69,0.001953125,0.001734847,0,0
8,3840,4096,driver_transpose_bk256_d2_s8,19.712,1595.84,69,0.001953125,0.001734847,0,0
16,3840,4096,cublaslt,15.328,2052.28,0,0,0.001734847,0,0
16,3840,4096,native_gemv_grid132,64.992,484.02,128,0.00390625,0.001734847,0,0
16,3840,4096,native_gemv_grid528,61.984,507.51,128,0.00390625,0.001734847,0,0
16,3840,4096,existing_s1,40.608,774.66,0,0,0.001734847,0,0
16,3840,4096,transpose_bk128_d3_s1,36.064,872.26,0,0,0.001734847,0,0
16,3840,4096,transpose_bk256_d2_s1,28.160,1117.09,0,0,0.001734847,0,0
16,3840,4096,driver_transpose_bk128_d3_s1,35.584,884.03,0,0,0.001734847,0,0
16,3840,4096,driver_transpose_bk256_d2_s1,32.544,966.61,0,0,0.001734847,0,0
16,3840,4096,existing_s4,23.200,1355.92,119,0.001953125,0.001734847,0,0
16,3840,4096,transpose_bk128_d3_s4,18.784,1674.68,120,0.001953125,0.001734847,0,0
16,3840,4096,transpose_bk256_d2_s4,18.944,1660.54,120,0.001953125,0.001734847,0,0
16,3840,4096,driver_transpose_bk128_d3_s4,17.984,1749.18,120,0.001953125,0.001734847,0,0
16,3840,4096,driver_transpose_bk256_d2_s4,18.400,1709.63,120,0.001953125,0.001734847,0,0
16,3840,4096,existing_s8,23.776,1323.07,126,0.00390625,0.001734847,0,4
16,3840,4096,transpose_bk128_d3_s8,21.312,1476.04,127,0.00390625,0.001734847,0,0
16,3840,4096,transpose_bk256_d2_s8,20.864,1507.73,127,0.00390625,0.001734847,0,0
16,3840,4096,driver_transpose_bk128_d3_s8,22.080,1424.70,127,0.00390625,0.001734847,0,0
16,3840,4096,driver_transpose_bk256_d2_s8,19.904,1580.45,127,0.00390625,0.001734847,0,0
1,3840,8192,cublaslt,28.000,2246.95,0,0,0.001915517,0,0
1,3840,8192,native_gemv_grid132,38.720,1624.86,11,0.0004882812,0.001915517,0,0
1,3840,8192,native_gemv_grid528,36.320,1732.23,11,0.0004882812,0.001915517,0,0
1,3840,8192,existing_s1,73.344,857.80,21,0.0009765625,0.001915517,0,0
1,3840,8192,transpose_bk128_d3_s1,60.480,1040.25,21,0.0009765625,0.001915517,0,0
1,3840,8192,transpose_bk256_d2_s1,45.856,1372.00,21,0.0009765625,0.001915517,0,0
1,3840,8192,driver_transpose_bk128_d3_s1,52.928,1188.68,21,0.0009765625,0.001915517,0,0
1,3840,8192,driver_transpose_bk256_d2_s1,50.176,1253.88,21,0.0009765625,0.001915517,0,0
1,3840,8192,existing_s4,35.360,1779.26,12,0.0009765625,0.001915517,0,1
1,3840,8192,transpose_bk128_d3_s4,28.800,2184.53,12,0.0009765625,0.001915517,0,0
1,3840,8192,transpose_bk256_d2_s4,28.640,2196.74,12,0.0009765625,0.001915517,0,0
1,3840,8192,driver_transpose_bk128_d3_s4,27.904,2254.68,12,0.0009765625,0.001915517,0,0
1,3840,8192,driver_transpose_bk256_d2_s4,27.904,2254.68,12,0.0009765625,0.001915517,0,0
1,3840,8192,existing_s8,35.296,1782.48,10,0.0004882812,0.001915517,0,1
1,3840,8192,transpose_bk128_d3_s8,31.168,2018.56,9,0.0004882812,0.001915517,0,0
1,3840,8192,transpose_bk256_d2_s8,30.592,2056.57,9,0.0004882812,0.001915517,0,0
1,3840,8192,driver_transpose_bk128_d3_s8,31.552,1994.00,9,0.0004882812,0.001915517,0,0
1,3840,8192,driver_transpose_bk256_d2_s8,30.560,2058.72,9,0.0004882812,0.001915517,0,0
2,3840,8192,cublaslt,28.672,2194.29,0,0,0.001915517,0,0
2,3840,8192,native_gemv_grid132,45.248,1390.44,26,0.0009765625,0.001915517,0,0
2,3840,8192,native_gemv_grid528,42.528,1479.37,26,0.0009765625,0.001915517,0,0
2,3840,8192,existing_s1,73.824,852.22,0,0,0.001915517,0,0
2,3840,8192,transpose_bk128_d3_s1,60.128,1046.34,0,0,0.001915517,0,0
2,3840,8192,transpose_bk256_d2_s1,45.600,1379.71,0,0,0.001915517,0,0
2,3840,8192,driver_transpose_bk128_d3_s1,52.928,1188.68,0,0,0.001915517,0,0
2,3840,8192,driver_transpose_bk256_d2_s1,49.920,1260.31,0,0,0.001915517,0,0
2,3840,8192,existing_s4,36.384,1729.18,27,0.0009765625,0.001915517,0,1
2,3840,8192,transpose_bk128_d3_s4,28.768,2186.96,27,0.0009765625,0.001915517,0,0
2,3840,8192,transpose_bk256_d2_s4,28.384,2216.55,27,0.0009765625,0.001915517,0,0
2,3840,8192,driver_transpose_bk128_d3_s4,27.936,2252.10,27,0.0009765625,0.001915517,0,0
2,3840,8192,driver_transpose_bk256_d2_s4,27.680,2272.92,27,0.0009765625,0.001915517,0,0
2,3840,8192,existing_s8,36.448,1726.15,25,0.0009765625,0.001915517,0,2
2,3840,8192,transpose_bk128_d3_s8,31.840,1975.96,24,0.0009765625,0.001915517,0,0
2,3840,8192,transpose_bk256_d2_s8,30.752,2045.87,24,0.0009765625,0.001915517,0,0
2,3840,8192,driver_transpose_bk128_d3_s8,31.456,2000.08,24,0.0009765625,0.001915517,0,0
2,3840,8192,driver_transpose_bk256_d2_s8,30.592,2056.57,24,0.0009765625,0.001915517,0,0
4,3840,8192,cublaslt,28.512,2206.60,0,0,0.001915517,0,0
4,3840,8192,native_gemv_grid132,53.728,1170.98,12,0.0009765625,0.001915517,0,0
4,3840,8192,native_gemv_grid528,47.008,1338.38,12,0.0009765625,0.001915517,0,0
4,3840,8192,existing_s1,73.984,850.38,57,0.00390625,0.001915517,0,0
4,3840,8192,transpose_bk128_d3_s1,60.096,1046.90,57,0.00390625,0.001915517,0,0
4,3840,8192,transpose_bk256_d2_s1,45.600,1379.71,57,0.00390625,0.001915517,0,0
4,3840,8192,driver_transpose_bk128_d3_s1,53.184,1182.96,57,0.00390625,0.001915517,0,0
4,3840,8192,driver_transpose_bk256_d2_s1,49.984,1258.69,57,0.00390625,0.001915517,0,0
4,3840,8192,existing_s4,35.968,1749.18,1,2.980232e-08,0.001915517,0,1
4,3840,8192,transpose_bk128_d3_s4,28.864,2179.69,0,0,0.001915517,0,0
4,3840,8192,transpose_bk256_d2_s4,28.896,2177.28,0,0,0.001915517,0,0
4,3840,8192,driver_transpose_bk128_d3_s4,27.904,2254.68,0,0,0.001915517,0,0
4,3840,8192,driver_transpose_bk256_d2_s4,28.032,2244.38,0,0,0.001915517,0,0
4,3840,8192,existing_s8,36.608,1718.60,10,0.0009765625,0.001915517,0,1
4,3840,8192,transpose_bk128_d3_s8,32.000,1966.08,11,0.0009765625,0.001915517,0,0
4,3840,8192,transpose_bk256_d2_s8,30.528,2060.88,11,0.0009765625,0.001915517,0,0
4,3840,8192,driver_transpose_bk128_d3_s8,31.648,1987.95,11,0.0009765625,0.001915517,0,0
4,3840,8192,driver_transpose_bk256_d2_s8,30.400,2069.56,11,0.0009765625,0.001915517,0,0
8,3840,8192,cublaslt,28.032,2244.38,0,0,0.001910581,0,0
8,3840,8192,native_gemv_grid132,77.440,812.43,66,0.001953125,0.001910581,0,0
8,3840,8192,native_gemv_grid528,63.872,985.01,66,0.001953125,0.001910581,0,0
8,3840,8192,existing_s1,73.760,852.96,107,0.00390625,0.001910581,0,0
8,3840,8192,transpose_bk128_d3_s1,60.256,1044.12,107,0.00390625,0.001910581,0,0
8,3840,8192,transpose_bk256_d2_s1,45.728,1375.84,107,0.00390625,0.001910581,0,0
8,3840,8192,driver_transpose_bk128_d3_s1,53.152,1183.67,107,0.00390625,0.001910581,0,0
8,3840,8192,driver_transpose_bk256_d2_s1,49.888,1261.12,107,0.00390625,0.001910581,0,0
8,3840,8192,existing_s4,37.728,1667.58,65,0.001953125,0.001910581,0,1
8,3840,8192,transpose_bk128_d3_s4,28.992,2170.07,64,0.001953125,0.001910581,0,0
8,3840,8192,transpose_bk256_d2_s4,28.608,2199.19,64,0.001953125,0.001910581,0,0
8,3840,8192,driver_transpose_bk128_d3_s4,28.352,2219.05,64,0.001953125,0.001910581,0,0
8,3840,8192,driver_transpose_bk256_d2_s4,27.552,2283.48,64,0.001953125,0.001910581,0,0
8,3840,8192,existing_s8,36.832,1708.15,61,0.001953125,0.001910581,0,3
8,3840,8192,transpose_bk128_d3_s8,32.800,1918.13,60,0.001953125,0.001910581,0,0
8,3840,8192,transpose_bk256_d2_s8,30.880,2037.39,60,0.001953125,0.001910581,0,0
8,3840,8192,driver_transpose_bk128_d3_s8,31.936,1970.02,60,0.001953125,0.001910581,0,0
8,3840,8192,driver_transpose_bk256_d2_s8,30.880,2037.39,60,0.001953125,0.001910581,0,0
16,3840,8192,cublaslt,28.640,2196.74,0,0,0.001844276,0,0
16,3840,8192,native_gemv_grid132,139.904,449.70,135,0.00390625,0.001844276,0,0
16,3840,8192,native_gemv_grid528,123.424,509.74,135,0.00390625,0.001844276,0,0
16,3840,8192,existing_s1,74.272,847.08,203,0.00390625,0.001844276,0,0
16,3840,8192,transpose_bk128_d3_s1,69.536,904.78,203,0.00390625,0.001844276,0,0
16,3840,8192,transpose_bk256_d2_s1,53.216,1182.25,203,0.00390625,0.001844276,0,0
16,3840,8192,driver_transpose_bk128_d3_s1,68.288,921.31,203,0.00390625,0.001844276,0,0
16,3840,8192,driver_transpose_bk256_d2_s1,62.240,1010.84,203,0.00390625,0.001844276,0,0
16,3840,8192,existing_s4,38.624,1628.90,121,0.001953125,0.001844276,0,3
16,3840,8192,transpose_bk128_d3_s4,30.272,2078.31,121,0.001953125,0.001844276,0,0
16,3840,8192,transpose_bk256_d2_s4,29.760,2114.06,121,0.001953125,0.001844276,0,0
16,3840,8192,driver_transpose_bk128_d3_s4,28.896,2177.28,121,0.001953125,0.001844276,0,0
16,3840,8192,driver_transpose_bk256_d2_s4,29.408,2139.37,121,0.001953125,0.001844276,0,0
16,3840,8192,existing_s8,38.240,1645.26,120,0.00390625,0.001844276,0,2
16,3840,8192,transpose_bk128_d3_s8,34.368,1830.61,120,0.00390625,0.001844276,0,0
16,3840,8192,transpose_bk256_d2_s8,31.488,1998.05,120,0.00390625,0.001844276,0,0
16,3840,8192,driver_transpose_bk128_d3_s8,33.824,1860.06,120,0.00390625,0.001844276,0,0
16,3840,8192,driver_transpose_bk256_d2_s8,30.144,2087.13,120,0.00390625,0.001844276,0,0
1,3840,15360,cublaslt,46.112,2558.22,0,0,0.001931884,0,0
1,3840,15360,native_gemv_grid132,68.800,1714.60,14,0.001953125,0.001931884,0,0
1,3840,15360,native_gemv_grid528,65.056,1813.28,14,0.001953125,0.001931884,0,0
1,3840,15360,existing_s1,130.432,904.42,28,0.001953125,0.001931884,0,0
1,3840,15360,transpose_bk128_d3_s1,109.920,1073.19,28,0.001953125,0.001931884,0,0
1,3840,15360,transpose_bk256_d2_s1,83.072,1420.03,28,0.001953125,0.001931884,0,0
1,3840,15360,driver_transpose_bk128_d3_s1,98.176,1201.56,28,0.001953125,0.001931884,0,0
1,3840,15360,driver_transpose_bk256_d2_s1,91.904,1283.57,28,0.001953125,0.001931884,0,0
1,3840,15360,existing_s4,59.552,1980.87,13,0.0004882812,0.001931884,0,0
1,3840,15360,transpose_bk128_d3_s4,48.992,2407.84,13,0.0004882812,0.001931884,0,0
1,3840,15360,transpose_bk256_d2_s4,48.896,2412.57,13,0.0004882812,0.001931884,0,0
1,3840,15360,driver_transpose_bk128_d3_s4,47.456,2485.77,13,0.0004882812,0.001931884,0,0
1,3840,15360,driver_transpose_bk256_d2_s4,47.200,2499.25,13,0.0004882812,0.001931884,0,0
1,3840,15360,existing_s8,59.328,1988.35,13,0.001953125,0.001931884,0,0
1,3840,15360,transpose_bk128_d3_s8,54.912,2148.25,13,0.001953125,0.001931884,0,0
1,3840,15360,transpose_bk256_d2_s8,51.104,2308.33,12,0.001953125,0.001931884,0,0
1,3840,15360,driver_transpose_bk128_d3_s8,53.728,2195.59,13,0.001953125,0.001931884,0,0
1,3840,15360,driver_transpose_bk256_d2_s8,51.616,2285.43,12,0.001953125,0.001931884,0,0
2,3840,15360,cublaslt,46.144,2556.45,0,0,0.00188405,0,0
2,3840,15360,native_gemv_grid132,82.688,1426.63,29,0.001953125,0.00188405,0,0
2,3840,15360,native_gemv_grid528,76.320,1545.66,29,0.001953125,0.00188405,0,0
2,3840,15360,existing_s1,130.400,904.64,47,0.001953125,0.00188405,0,0
2,3840,15360,transpose_bk128_d3_s1,109.952,1072.88,47,0.001953125,0.00188405,0,0
2,3840,15360,transpose_bk256_d2_s1,82.816,1424.42,47,0.001953125,0.00188405,0,0
2,3840,15360,driver_transpose_bk128_d3_s1,95.744,1232.09,47,0.001953125,0.00188405,0,0
2,3840,15360,driver_transpose_bk256_d2_s1,92.128,1280.44,47,0.001953125,0.00188405,0,0
2,3840,15360,existing_s4,57.952,2035.56,26,0.0009765625,0.00188405,0,1
2,3840,15360,transpose_bk128_d3_s4,48.704,2422.08,26,0.0009765625,0.00188405,0,0
2,3840,15360,transpose_bk256_d2_s4,47.712,2472.43,26,0.0009765625,0.00188405,0,0
2,3840,15360,driver_transpose_bk128_d3_s4,46.592,2531.87,26,0.0009765625,0.00188405,0,0
2,3840,15360,driver_transpose_bk256_d2_s4,46.240,2551.14,26,0.0009765625,0.00188405,0,0
2,3840,15360,existing_s8,60.032,1965.03,26,0.001953125,0.00188405,0,1
2,3840,15360,transpose_bk128_d3_s8,55.584,2122.28,26,0.001953125,0.00188405,0,0
2,3840,15360,transpose_bk256_d2_s8,51.456,2292.54,27,0.001953125,0.00188405,0,0
2,3840,15360,driver_transpose_bk128_d3_s8,54.240,2174.87,26,0.001953125,0.00188405,0,0
2,3840,15360,driver_transpose_bk256_d2_s8,51.328,2298.25,27,0.001953125,0.00188405,0,0
4,3840,15360,cublaslt,46.048,2561.78,0,0,0.00188405,0,0
4,3840,15360,native_gemv_grid132,129.376,911.80,64,0.00390625,0.00188405,0,0
4,3840,15360,native_gemv_grid528,104.384,1130.10,64,0.00390625,0.00188405,0,0
4,3840,15360,existing_s1,130.240,905.75,101,0.001953125,0.00188405,0,0
4,3840,15360,transpose_bk128_d3_s1,110.016,1072.25,101,0.001953125,0.00188405,0,0
4,3840,15360,transpose_bk256_d2_s1,82.784,1424.97,101,0.001953125,0.00188405,0,0
4,3840,15360,driver_transpose_bk128_d3_s1,94.656,1246.25,101,0.001953125,0.00188405,0,0
4,3840,15360,driver_transpose_bk256_d2_s1,91.296,1292.11,101,0.001953125,0.00188405,0,0
4,3840,15360,existing_s4,59.072,1996.97,46,0.001953125,0.00188405,0,0
4,3840,15360,transpose_bk128_d3_s4,48.416,2436.48,46,0.001953125,0.00188405,0,0
4,3840,15360,transpose_bk256_d2_s4,48.032,2455.96,46,0.001953125,0.00188405,0,0
4,3840,15360,driver_transpose_bk128_d3_s4,46.400,2542.34,46,0.001953125,0.00188405,0,0
4,3840,15360,driver_transpose_bk256_d2_s4,46.432,2540.59,46,0.001953125,0.00188405,0,0
4,3840,15360,existing_s8,60.192,1959.81,58,0.00390625,0.00188405,0,0
4,3840,15360,transpose_bk128_d3_s8,54.944,2147.00,58,0.00390625,0.00188405,0,0
4,3840,15360,transpose_bk256_d2_s8,51.136,2306.88,59,0.00390625,0.00188405,0,0
4,3840,15360,driver_transpose_bk128_d3_s8,54.176,2177.44,58,0.00390625,0.00188405,0,0
4,3840,15360,driver_transpose_bk256_d2_s8,51.808,2276.96,59,0.00390625,0.00188405,0,0
8,3840,15360,cublaslt,46.272,2549.38,0,0,0.00188405,0,0
8,3840,15360,native_gemv_grid132,192.928,611.44,117,0.0078125,0.00188405,0,0
8,3840,15360,native_gemv_grid528,128.512,917.93,117,0.0078125,0.00188405,0,0
8,3840,15360,existing_s1,129.664,909.77,187,0.00390625,0.00188405,0,0
8,3840,15360,transpose_bk128_d3_s1,109.312,1079.16,187,0.00390625,0.00188405,0,0
8,3840,15360,transpose_bk256_d2_s1,82.080,1437.19,187,0.00390625,0.00188405,0,0
8,3840,15360,driver_transpose_bk128_d3_s1,95.072,1240.79,187,0.00390625,0.00188405,0,0
8,3840,15360,driver_transpose_bk256_d2_s1,91.168,1293.93,187,0.00390625,0.00188405,0,0
8,3840,15360,existing_s4,58.784,2006.75,86,0.00390625,0.00188405,0,1
8,3840,15360,transpose_bk128_d3_s4,49.568,2379.86,87,0.00390625,0.00188405,0,0
8,3840,15360,transpose_bk256_d2_s4,49.440,2386.02,87,0.00390625,0.00188405,0,0
8,3840,15360,driver_transpose_bk128_d3_s4,48.096,2452.69,87,0.00390625,0.00188405,0,0
8,3840,15360,driver_transpose_bk256_d2_s4,47.040,2507.76,87,0.00390625,0.00188405,0,0
8,3840,15360,existing_s8,60.832,1939.19,110,0.00390625,0.00188405,0,1
8,3840,15360,transpose_bk128_d3_s8,55.040,2143.26,110,0.00390625,0.00188405,0,0
8,3840,15360,transpose_bk256_d2_s8,51.584,2286.85,112,0.00390625,0.00188405,0,0
8,3840,15360,driver_transpose_bk128_d3_s8,54.048,2182.59,110,0.00390625,0.00188405,0,0
8,3840,15360,driver_transpose_bk256_d2_s8,51.744,2279.78,112,0.00390625,0.00188405,0,0
16,3840,15360,cublaslt,46.240,2551.14,0,0,0.001932759,0,0
16,3840,15360,native_gemv_grid132,363.744,324.31,224,0.0078125,0.001932759,0,0
16,3840,15360,native_gemv_grid528,255.040,462.53,224,0.0078125,0.001932759,0,0
16,3840,15360,existing_s1,131.168,899.34,367,0.0078125,0.001932759,0,0
16,3840,15360,transpose_bk128_d3_s1,127.904,922.29,367,0.0078125,0.001932759,0,0
16,3840,15360,transpose_bk256_d2_s1,98.208,1201.17,367,0.0078125,0.001932759,0,0
16,3840,15360,driver_transpose_bk128_d3_s1,124.896,944.50,367,0.0078125,0.001932759,0,0
16,3840,15360,driver_transpose_bk256_d2_s1,114.176,1033.18,367,0.0078125,0.001932759,0,0
16,3840,15360,existing_s4,62.752,1879.86,177,0.00390625,0.001932759,0,1
16,3840,15360,transpose_bk128_d3_s4,50.848,2319.95,178,0.00390625,0.001932759,0,0
16,3840,15360,transpose_bk256_d2_s4,49.312,2392.21,178,0.00390625,0.001932759,0,0
16,3840,15360,driver_transpose_bk128_d3_s4,47.328,2492.49,178,0.00390625,0.001932759,0,0
16,3840,15360,driver_transpose_bk256_d2_s4,48.704,2422.08,178,0.00390625,0.001932759,0,0
16,3840,15360,existing_s8,61.152,1929.04,209,0.00390625,0.001932759,0,4
16,3840,15360,transpose_bk128_d3_s8,58.624,2012.23,210,0.00390625,0.001932759,0,0
16,3840,15360,transpose_bk256_d2_s8,51.744,2279.78,215,0.00390625,0.001932759,0,0
16,3840,15360,driver_transpose_bk128_d3_s8,57.248,2060.59,210,0.00390625,0.001932759,0,0
16,3840,15360,driver_transpose_bk256_d2_s8,50.272,2346.53,215,0.00390625,0.001932759,0,0
1,4096,3840,cublaslt,17.888,1758.57,0,0,0.0009699145,0,0
1,4096,3840,native_gemv_grid132,21.632,1454.20,4,0.0009765625,0.0009699145,0,0
1,4096,3840,native_gemv_grid528,19.744,1593.26,4,0.0009765625,0.0009699145,0,0
1,4096,3840,existing_s1,38.784,811.09,10,6.103516e-05,0.0009699145,0,0
1,4096,3840,transpose_bk128_d3_s1,29.760,1057.03,10,6.103516e-05,0.0009699145,0,0
1,4096,3840,transpose_bk256_d2_s1,23.008,1367.23,10,6.103516e-05,0.0009699145,0,0
1,4096,3840,driver_transpose_bk128_d3_s1,26.976,1166.12,10,6.103516e-05,0.0009699145,0,0
1,4096,3840,driver_transpose_bk256_d2_s1,24.960,1260.31,10,6.103516e-05,0.0009699145,0,0
1,4096,3840,existing_s4,23.488,1339.29,4,0.0009765625,0.0009699145,0,0
1,4096,3840,transpose_bk128_d3_s4,18.304,1718.60,4,0.0009765625,0.0009699145,0,0
1,4096,3840,transpose_bk256_d2_s4,17.888,1758.57,4,0.0009765625,0.0009699145,0,0
1,4096,3840,driver_transpose_bk128_d3_s4,17.984,1749.18,4,0.0009765625,0.0009699145,0,0
1,4096,3840,driver_transpose_bk256_d2_s4,17.184,1830.61,4,0.0009765625,0.0009699145,0,0
1,4096,3840,existing_s8,23.008,1367.23,4,0.0009765625,0.0009699145,0,0
1,4096,3840,transpose_bk128_d3_s8,19.520,1611.54,4,0.0009765625,0.0009699145,0,0
1,4096,3840,transpose_bk256_d2_s8,19.360,1624.86,4,0.0009765625,0.0009699145,0,0
1,4096,3840,driver_transpose_bk128_d3_s8,19.968,1575.38,4,0.0009765625,0.0009699145,0,0
1,4096,3840,driver_transpose_bk256_d2_s8,19.776,1590.68,4,0.0009765625,0.0009699145,0,0
2,4096,3840,cublaslt,16.512,1905.12,0,0,0.001001989,0,0
2,4096,3840,native_gemv_grid132,26.464,1188.68,16,0.0009765625,0.001001989,0,0
2,4096,3840,native_gemv_grid528,23.968,1312.47,16,0.0009765625,0.001001989,0,0
2,4096,3840,existing_s1,38.240,822.63,0,0,0.001001989,0,0
2,4096,3840,transpose_bk128_d3_s1,29.856,1053.63,0,0,0.001001989,0,0
2,4096,3840,transpose_bk256_d2_s1,23.104,1361.55,0,0,0.001001989,0,0
2,4096,3840,driver_transpose_bk128_d3_s1,27.200,1156.52,0,0,0.001001989,0,0
2,4096,3840,driver_transpose_bk256_d2_s1,25.088,1253.88,0,0,0.001001989,0,0
2,4096,3840,existing_s4,21.472,1465.04,14,0.0009765625,0.001001989,0,0
2,4096,3840,transpose_bk128_d3_s4,19.616,1603.65,14,0.0009765625,0.001001989,0,0
2,4096,3840,transpose_bk256_d2_s4,18.080,1739.89,14,0.0009765625,0.001001989,0,0
2,4096,3840,driver_transpose_bk128_d3_s4,17.792,1768.06,14,0.0009765625,0.001001989,0,0
2,4096,3840,driver_transpose_bk256_d2_s4,17.280,1820.44,14,0.0009765625,0.001001989,0,0
2,4096,3840,existing_s8,22.272,1412.41,16,0.0009765625,0.001001989,0,0
2,4096,3840,transpose_bk128_d3_s8,19.584,1606.27,16,0.0009765625,0.001001989,0,0
2,4096,3840,transpose_bk256_d2_s8,19.936,1577.91,16,0.0009765625,0.001001989,0,0
2,4096,3840,driver_transpose_bk128_d3_s8,20.096,1565.35,16,0.0009765625,0.001001989,0,0
2,4096,3840,driver_transpose_bk256_d2_s8,20.192,1557.91,16,0.0009765625,0.001001989,0,0
4,4096,3840,cublaslt,17.152,1834.03,0,0,0.001908129,0,0
4,4096,3840,native_gemv_grid132,30.336,1036.96,30,0.0009765625,0.001908129,0,0
4,4096,3840,native_gemv_grid528,26.752,1175.89,30,0.0009765625,0.001908129,0,0
4,4096,3840,existing_s1,39.392,798.57,0,0,0.001908129,0,0
4,4096,3840,transpose_bk128_d3_s1,29.920,1051.38,0,0,0.001908129,0,0
4,4096,3840,transpose_bk256_d2_s1,23.200,1355.92,0,0,0.001908129,0,0
4,4096,3840,driver_transpose_bk128_d3_s1,26.848,1171.68,0,0,0.001908129,0,0
4,4096,3840,driver_transpose_bk256_d2_s1,25.056,1255.48,0,0,0.001908129,0,0
4,4096,3840,existing_s4,22.240,1414.45,29,0.0009765625,0.001908129,0,0
4,4096,3840,transpose_bk128_d3_s4,18.624,1689.07,29,0.0009765625,0.001908129,0,0
4,4096,3840,transpose_bk256_d2_s4,18.528,1697.82,29,0.0009765625,0.001908129,0,0
4,4096,3840,driver_transpose_bk128_d3_s4,17.568,1790.60,29,0.0009765625,0.001908129,0,0
4,4096,3840,driver_transpose_bk256_d2_s4,17.920,1755.43,29,0.0009765625,0.001908129,0,0
4,4096,3840,existing_s8,23.552,1335.65,35,0.0009765625,0.001908129,0,1
4,4096,3840,transpose_bk128_d3_s8,19.968,1575.38,34,0.0009765625,0.001908129,0,0
4,4096,3840,transpose_bk256_d2_s8,19.648,1601.04,34,0.0009765625,0.001908129,0,0
4,4096,3840,driver_transpose_bk128_d3_s8,20.320,1548.09,34,0.0009765625,0.001908129,0,0
4,4096,3840,driver_transpose_bk256_d2_s8,19.776,1590.68,34,0.0009765625,0.001908129,0,0
8,4096,3840,cublaslt,15.136,2078.31,0,0,0.001908129,0,0
8,4096,3840,native_gemv_grid132,38.784,811.09,61,0.001953125,0.001908129,0,0
8,4096,3840,native_gemv_grid528,33.984,925.65,61,0.001953125,0.001908129,0,0
8,4096,3840,existing_s1,38.592,815.12,0,0,0.001908129,0,0
8,4096,3840,transpose_bk128_d3_s1,29.984,1049.14,0,0,0.001908129,0,0
8,4096,3840,transpose_bk256_d2_s1,23.200,1355.92,0,0,0.001908129,0,0
8,4096,3840,driver_transpose_bk128_d3_s1,26.752,1175.89,0,0,0.001908129,0,0
8,4096,3840,driver_transpose_bk256_d2_s1,25.088,1253.88,0,0,0.001908129,0,0
8,4096,3840,existing_s4,21.984,1430.92,61,0.001953125,0.001908129,0,0
8,4096,3840,transpose_bk128_d3_s4,19.648,1601.04,62,0.001953125,0.001908129,0,0
8,4096,3840,transpose_bk256_d2_s4,18.464,1703.71,62,0.001953125,0.001908129,0,0
8,4096,3840,driver_transpose_bk128_d3_s4,17.952,1752.30,62,0.001953125,0.001908129,0,0
8,4096,3840,driver_transpose_bk256_d2_s4,17.856,1761.72,62,0.001953125,0.001908129,0,0
8,4096,3840,existing_s8,22.464,1400.34,63,0.001953125,0.001908129,0,2
8,4096,3840,transpose_bk128_d3_s8,19.776,1590.68,63,0.001953125,0.001908129,0,0
8,4096,3840,transpose_bk256_d2_s8,20.096,1565.35,63,0.001953125,0.001908129,0,0
8,4096,3840,driver_transpose_bk128_d3_s8,20.288,1550.54,63,0.001953125,0.001908129,0,0
8,4096,3840,driver_transpose_bk256_d2_s8,20.256,1552.99,63,0.001953125,0.001908129,0,0
16,4096,3840,cublaslt,15.552,2022.72,0,0,0.001908129,0,0
16,4096,3840,native_gemv_grid132,66.080,476.05,115,0.001953125,0.001908129,0,0
16,4096,3840,native_gemv_grid528,59.776,526.25,115,0.001953125,0.001908129,0,0
16,4096,3840,existing_s1,39.456,797.27,0,0,0.001908129,0,0
16,4096,3840,transpose_bk128_d3_s1,34.080,923.04,0,0,0.001908129,0,0
16,4096,3840,transpose_bk256_d2_s1,27.360,1149.75,0,0,0.001908129,0,0
16,4096,3840,driver_transpose_bk128_d3_s1,33.600,936.23,0,0,0.001908129,0,0
16,4096,3840,driver_transpose_bk256_d2_s1,30.688,1025.07,0,0,0.001908129,0,0
16,4096,3840,existing_s4,25.536,1231.88,115,0.001953125,0.001908129,0,0
16,4096,3840,transpose_bk128_d3_s4,19.584,1606.27,116,0.001953125,0.001908129,0,0
16,4096,3840,transpose_bk256_d2_s4,18.816,1671.84,116,0.001953125,0.001908129,0,0
16,4096,3840,driver_transpose_bk128_d3_s4,18.720,1680.41,116,0.001953125,0.001908129,0,0
16,4096,3840,driver_transpose_bk256_d2_s4,17.696,1777.65,116,0.001953125,0.001908129,0,0
16,4096,3840,existing_s8,24.064,1307.23,119,0.001953125,0.001908129,0,7
16,4096,3840,transpose_bk128_d3_s8,21.088,1491.71,118,0.001953125,0.001908129,0,0
16,4096,3840,transpose_bk256_d2_s8,21.248,1480.48,118,0.001953125,0.001908129,0,0
16,4096,3840,driver_transpose_bk128_d3_s8,21.760,1445.65,118,0.001953125,0.001908129,0,0
16,4096,3840,driver_transpose_bk256_d2_s8,20.096,1565.35,118,0.001953125,0.001908129,0,0
1,8192,3840,cublaslt,24.928,2523.85,0,0,0.0009481129,0,0
1,8192,3840,native_gemv_grid132,33.536,1876.03,14,0.0009765625,0.0009481129,0,0
1,8192,3840,native_gemv_grid528,30.080,2091.57,14,0.0009765625,0.0009481129,0,0
1,8192,3840,existing_s1,41.856,1503.12,0,0,0.0009481129,0,0
1,8192,3840,transpose_bk128_d3_s1,28.288,2224.07,0,0,0.0009481129,0,0
1,8192,3840,transpose_bk256_d2_s1,25.184,2498.20,0,0,0.0009481129,0,0
1,8192,3840,driver_transpose_bk128_d3_s1,26.656,2360.24,0,0,0.0009481129,0,0
1,8192,3840,driver_transpose_bk256_d2_s1,25.824,2436.28,0,0,0.0009481129,0,0
1,8192,3840,existing_s4,34.752,1810.39,12,0.0009765625,0.0009481129,0,1
1,8192,3840,transpose_bk128_d3_s4,31.296,2010.31,12,0.0009765625,0.0009481129,0,0
1,8192,3840,transpose_bk256_d2_s4,29.536,2130.10,12,0.0009765625,0.0009481129,0,0
1,8192,3840,driver_transpose_bk128_d3_s4,30.784,2043.74,12,0.0009765625,0.0009481129,0,0
1,8192,3840,driver_transpose_bk256_d2_s4,28.800,2184.53,12,0.0009765625,0.0009481129,0,0
1,8192,3840,existing_s8,34.720,1812.06,14,0.0009765625,0.0009481129,0,0
1,8192,3840,transpose_bk128_d3_s8,30.112,2089.35,14,0.0009765625,0.0009481129,0,0
1,8192,3840,transpose_bk256_d2_s8,29.728,2116.34,14,0.0009765625,0.0009481129,0,0
1,8192,3840,driver_transpose_bk128_d3_s8,29.248,2151.07,14,0.0009765625,0.0009481129,0,0
1,8192,3840,driver_transpose_bk256_d2_s8,29.280,2148.72,14,0.0009765625,0.0009481129,0,0
2,8192,3840,cublaslt,25.632,2454.53,0,0,0.001938182,0,0
2,8192,3840,native_gemv_grid132,39.200,1604.96,24,0.0009765625,0.001938182,0,0
2,8192,3840,native_gemv_grid528,35.072,1793.87,24,0.0009765625,0.001938182,0,0
2,8192,3840,existing_s1,43.168,1457.44,0,0,0.001938182,0,0
2,8192,3840,transpose_bk128_d3_s1,28.416,2214.05,0,0,0.001938182,0,0
2,8192,3840,transpose_bk256_d2_s1,26.112,2409.41,0,0,0.001938182,0,0
2,8192,3840,driver_transpose_bk128_d3_s1,26.592,2365.92,0,0,0.001938182,0,0
2,8192,3840,driver_transpose_bk256_d2_s1,25.280,2488.71,0,0,0.001938182,0,0
2,8192,3840,existing_s4,36.608,1718.60,22,0.0009765625,0.001938182,0,0
2,8192,3840,transpose_bk128_d3_s4,31.072,2024.80,22,0.0009765625,0.001938182,0,0
2,8192,3840,transpose_bk256_d2_s4,29.920,2102.76,22,0.0009765625,0.001938182,0,0
2,8192,3840,driver_transpose_bk128_d3_s4,30.528,2060.88,22,0.0009765625,0.001938182,0,0
2,8192,3840,driver_transpose_bk256_d2_s4,29.248,2151.07,22,0.0009765625,0.001938182,0,0
2,8192,3840,existing_s8,36.352,1730.70,25,0.0009765625,0.001938182,0,0
2,8192,3840,transpose_bk128_d3_s8,30.368,2071.74,25,0.0009765625,0.001938182,0,0
2,8192,3840,transpose_bk256_d2_s8,29.408,2139.37,25,0.0009765625,0.001938182,0,0
2,8192,3840,driver_transpose_bk128_d3_s8,29.568,2127.79,25,0.0009765625,0.001938182,0,0
2,8192,3840,driver_transpose_bk256_d2_s8,29.408,2139.37,25,0.0009765625,0.001938182,0,0
4,8192,3840,cublaslt,24.896,2527.10,0,0,0.001257728,0,0
4,8192,3840,native_gemv_grid132,48.064,1308.97,48,0.001953125,0.001257728,0,0
4,8192,3840,native_gemv_grid528,39.296,1601.04,48,0.001953125,0.001257728,0,0
4,8192,3840,existing_s1,42.240,1489.45,0,0,0.001257728,0,0
4,8192,3840,transpose_bk128_d3_s1,28.448,2211.56,0,0,0.001257728,0,0
4,8192,3840,transpose_bk256_d2_s1,26.272,2394.74,0,0,0.001257728,0,0
4,8192,3840,driver_transpose_bk128_d3_s1,26.784,2348.96,0,0,0.001257728,0,0
4,8192,3840,driver_transpose_bk256_d2_s1,25.984,2421.28,0,0,0.001257728,0,0
4,8192,3840,existing_s4,35.456,1774.44,45,0.001953125,0.001257728,0,2
4,8192,3840,transpose_bk128_d3_s4,31.136,2020.64,45,0.001953125,0.001257728,0,0
4,8192,3840,transpose_bk256_d2_s4,30.624,2054.42,45,0.001953125,0.001257728,0,0
4,8192,3840,driver_transpose_bk128_d3_s4,30.432,2067.38,45,0.001953125,0.001257728,0,0
4,8192,3840,driver_transpose_bk256_d2_s4,29.376,2141.70,45,0.001953125,0.001257728,0,0
4,8192,3840,existing_s8,35.424,1776.04,52,0.001953125,0.001257728,0,2
4,8192,3840,transpose_bk128_d3_s8,30.688,2050.14,52,0.001953125,0.001257728,0,0
4,8192,3840,transpose_bk256_d2_s8,29.504,2132.41,52,0.001953125,0.001257728,0,0
4,8192,3840,driver_transpose_bk128_d3_s8,29.632,2123.20,52,0.001953125,0.001257728,0,0
4,8192,3840,driver_transpose_bk256_d2_s8,29.280,2148.72,52,0.001953125,0.001257728,0,0
8,8192,3840,cublaslt,25.568,2460.68,0,0,0.001252408,0,0
8,8192,3840,native_gemv_grid132,64.288,978.64,113,0.001953125,0.001252408,0,0
8,8192,3840,native_gemv_grid528,54.912,1145.73,113,0.001953125,0.001252408,0,0
8,8192,3840,existing_s1,43.200,1456.36,0,0,0.001252408,0,0
8,8192,3840,transpose_bk128_d3_s1,28.928,2174.87,0,0,0.001252408,0,0
8,8192,3840,transpose_bk256_d2_s1,26.848,2343.36,0,0,0.001252408,0,0
8,8192,3840,driver_transpose_bk128_d3_s1,26.784,2348.96,0,0,0.001252408,0,0
8,8192,3840,driver_transpose_bk256_d2_s1,25.248,2491.86,0,0,0.001252408,0,0
8,8192,3840,existing_s4,36.800,1709.63,109,0.001953125,0.001252408,0,3
8,8192,3840,transpose_bk128_d3_s4,31.520,1996.02,110,0.001953125,0.001252408,0,0
8,8192,3840,transpose_bk256_d2_s4,30.272,2078.31,110,0.001953125,0.001252408,0,0
8,8192,3840,driver_transpose_bk128_d3_s4,30.848,2039.50,110,0.001953125,0.001252408,0,0
8,8192,3840,driver_transpose_bk256_d2_s4,29.504,2132.41,110,0.001953125,0.001252408,0,0
8,8192,3840,existing_s8,36.736,1712.61,115,0.001953125,0.001252408,0,4
8,8192,3840,transpose_bk128_d3_s8,31.328,2008.25,112,0.001953125,0.001252408,0,0
8,8192,3840,transpose_bk256_d2_s8,31.200,2016.49,112,0.001953125,0.001252408,0,0
8,8192,3840,driver_transpose_bk128_d3_s8,29.760,2114.06,112,0.001953125,0.001252408,0,0
8,8192,3840,driver_transpose_bk256_d2_s8,30.112,2089.35,112,0.001953125,0.001252408,0,0
16,8192,3840,cublaslt,24.800,2536.88,0,0,0.001166483,0,0
16,8192,3840,native_gemv_grid132,116.832,538.50,236,0.001953125,0.001166483,0,0
16,8192,3840,native_gemv_grid528,96.960,648.87,236,0.001953125,0.001166483,0,0
16,8192,3840,existing_s1,43.104,1459.60,0,0,0.001166483,0,0
16,8192,3840,transpose_bk128_d3_s1,32.736,1921.88,0,0,0.001166483,0,0
16,8192,3840,transpose_bk256_d2_s1,29.632,2123.20,0,0,0.001166483,0,0
16,8192,3840,driver_transpose_bk128_d3_s1,33.440,1881.42,0,0,0.001166483,0,0
16,8192,3840,driver_transpose_bk256_d2_s1,32.512,1935.12,0,0,0.001166483,0,0
16,8192,3840,existing_s4,36.800,1709.63,232,0.001953125,0.001166483,0,3
16,8192,3840,transpose_bk128_d3_s4,33.184,1895.93,230,0.001953125,0.001166483,0,0
16,8192,3840,transpose_bk256_d2_s4,32.256,1950.48,230,0.001953125,0.001166483,0,0
16,8192,3840,driver_transpose_bk128_d3_s4,32.480,1937.02,230,0.001953125,0.001166483,0,0
16,8192,3840,driver_transpose_bk256_d2_s4,30.368,2071.74,230,0.001953125,0.001166483,0,0
16,8192,3840,existing_s8,37.152,1693.44,238,0.001953125,0.001166483,0,11
16,8192,3840,transpose_bk128_d3_s8,33.248,1892.28,238,0.001953125,0.001166483,0,0
16,8192,3840,transpose_bk256_d2_s8,35.072,1793.87,238,0.001953125,0.001166483,0,0
16,8192,3840,driver_transpose_bk128_d3_s8,31.712,1983.94,238,0.001953125,0.001166483,0,0
16,8192,3840,driver_transpose_bk256_d2_s8,34.016,1849.56,238,0.001953125,0.001166483,0,0
1,15360,3840,cublaslt,42.368,2784.29,0,0,0.0009618968,0,0
1,15360,3840,native_gemv_grid132,52.672,2239.61,28,0.001953125,0.0009618968,0,0
1,15360,3840,native_gemv_grid528,48.608,2426.86,28,0.001953125,0.0009618968,0,0
1,15360,3840,existing_s1,59.616,1978.74,0,0,0.0009618968,0,0
1,15360,3840,transpose_bk128_d3_s1,46.240,2551.14,0,0,0.0009618968,0,0
1,15360,3840,transpose_bk256_d2_s1,45.312,2603.39,0,0,0.0009618968,0,0
1,15360,3840,driver_transpose_bk128_d3_s1,43.264,2726.63,0,0,0.0009618968,0,0
1,15360,3840,driver_transpose_bk256_d2_s1,43.808,2692.77,0,0,0.0009618968,0,0
1,15360,3840,existing_s4,57.568,2049.14,25,0.001953125,0.0009618968,0,0
1,15360,3840,transpose_bk128_d3_s4,49.632,2376.79,25,0.001953125,0.0009618968,0,0
1,15360,3840,transpose_bk256_d2_s4,47.744,2470.78,25,0.001953125,0.0009618968,0,0
1,15360,3840,driver_transpose_bk128_d3_s4,48.096,2452.69,25,0.001953125,0.0009618968,0,0
1,15360,3840,driver_transpose_bk256_d2_s4,46.144,2556.45,25,0.001953125,0.0009618968,0,0
1,15360,3840,existing_s8,56.096,2102.91,29,0.001953125,0.0009618968,0,0
1,15360,3840,transpose_bk128_d3_s8,48.640,2425.26,28,0.001953125,0.0009618968,0,0
1,15360,3840,transpose_bk256_d2_s8,48.096,2452.69,28,0.001953125,0.0009618968,0,0
1,15360,3840,driver_transpose_bk128_d3_s8,47.008,2509.46,28,0.001953125,0.0009618968,0,0
1,15360,3840,driver_transpose_bk256_d2_s8,46.912,2514.60,28,0.001953125,0.0009618968,0,0
2,15360,3840,cublaslt,42.784,2757.22,0,0,0.0009618968,0,0
2,15360,3840,native_gemv_grid132,60.160,1960.85,50,0.001953125,0.0009618968,0,0
2,15360,3840,native_gemv_grid528,53.728,2195.59,50,0.001953125,0.0009618968,0,0
2,15360,3840,existing_s1,57.088,2066.37,0,0,0.0009618968,0,0
2,15360,3840,transpose_bk128_d3_s1,44.736,2636.91,0,0,0.0009618968,0,0
2,15360,3840,transpose_bk256_d2_s1,44.384,2657.82,0,0,0.0009618968,0,0
2,15360,3840,driver_transpose_bk128_d3_s1,42.752,2759.28,0,0,0.0009618968,0,0
2,15360,3840,driver_transpose_bk256_d2_s1,43.040,2740.82,0,0,0.0009618968,0,0
2,15360,3840,existing_s4,57.632,2046.86,46,0.001953125,0.0009618968,0,1
2,15360,3840,transpose_bk128_d3_s4,50.016,2358.54,45,0.001953125,0.0009618968,0,0
2,15360,3840,transpose_bk256_d2_s4,48.288,2442.94,45,0.001953125,0.0009618968,0,0
2,15360,3840,driver_transpose_bk128_d3_s4,48.256,2444.56,45,0.001953125,0.0009618968,0,0
2,15360,3840,driver_transpose_bk256_d2_s4,47.104,2504.35,45,0.001953125,0.0009618968,0,0
2,15360,3840,existing_s8,55.680,2118.62,49,0.001953125,0.0009618968,0,1
2,15360,3840,transpose_bk128_d3_s8,49.120,2401.56,48,0.001953125,0.0009618968,0,0
2,15360,3840,transpose_bk256_d2_s8,48.576,2428.46,48,0.001953125,0.0009618968,0,0
2,15360,3840,driver_transpose_bk128_d3_s8,47.424,2487.45,48,0.001953125,0.0009618968,0,0
2,15360,3840,driver_transpose_bk256_d2_s8,47.168,2500.95,48,0.001953125,0.0009618968,0,0
4,15360,3840,cublaslt,43.456,2714.58,0,0,0.0008382612,0,0
4,15360,3840,native_gemv_grid132,78.240,1507.73,107,0.001953125,0.0008382612,0,0
4,15360,3840,native_gemv_grid528,63.136,1868.42,107,0.001953125,0.0008382612,0,0
4,15360,3840,existing_s1,57.024,2068.69,0,0,0.0008382612,0,0
4,15360,3840,transpose_bk128_d3_s1,45.952,2567.13,0,0,0.0008382612,0,0
4,15360,3840,transpose_bk256_d2_s1,44.960,2623.77,0,0,0.0008382612,0,0
4,15360,3840,driver_transpose_bk128_d3_s1,43.296,2724.61,0,0,0.0008382612,0,0
4,15360,3840,driver_transpose_bk256_d2_s1,43.232,2728.65,0,0,0.0008382612,0,0
4,15360,3840,existing_s4,58.912,2002.39,97,0.001953125,0.0008382612,0,2
4,15360,3840,transpose_bk128_d3_s4,50.432,2339.09,98,0.001953125,0.0008382612,0,0
4,15360,3840,transpose_bk256_d2_s4,48.960,2409.41,98,0.001953125,0.0008382612,0,0
4,15360,3840,driver_transpose_bk128_d3_s4,48.672,2423.67,98,0.001953125,0.0008382612,0,0
4,15360,3840,driver_transpose_bk256_d2_s4,47.232,2497.56,98,0.001953125,0.0008382612,0,0
4,15360,3840,existing_s8,56.640,2082.71,108,0.001953125,0.0008382612,0,2
4,15360,3840,transpose_bk128_d3_s8,50.080,2355.53,107,0.001953125,0.0008382612,0,0
4,15360,3840,transpose_bk256_d2_s8,49.664,2375.26,107,0.001953125,0.0008382612,0,0
4,15360,3840,driver_transpose_bk128_d3_s8,48.288,2442.94,107,0.001953125,0.0008382612,0,0
4,15360,3840,driver_transpose_bk256_d2_s8,48.064,2454.33,107,0.001953125,0.0008382612,0,0
8,15360,3840,cublaslt,42.944,2746.94,0,0,0.0009599702,0,0
8,15360,3840,native_gemv_grid132,109.792,1074.44,244,0.00390625,0.0009599702,0,0
8,15360,3840,native_gemv_grid528,93.600,1260.31,244,0.00390625,0.0009599702,0,0
8,15360,3840,existing_s1,61.664,1913.03,0,0,0.0009599702,0,0
8,15360,3840,transpose_bk128_d3_s1,47.072,2506.05,0,0,0.0009599702,0,0
8,15360,3840,transpose_bk256_d2_s1,45.280,2605.23,0,0,0.0009599702,0,0
8,15360,3840,driver_transpose_bk128_d3_s1,43.040,2740.82,0,0,0.0009599702,0,0
8,15360,3840,driver_transpose_bk256_d2_s1,43.584,2706.61,0,0,0.0009599702,0,0
8,15360,3840,existing_s4,59.136,1994.81,225,0.00390625,0.0009599702,0,0
8,15360,3840,transpose_bk128_d3_s4,50.624,2330.21,226,0.00390625,0.0009599702,0,0
8,15360,3840,transpose_bk256_d2_s4,49.952,2361.56,226,0.00390625,0.0009599702,0,0
8,15360,3840,driver_transpose_bk128_d3_s4,48.832,2415.73,226,0.00390625,0.0009599702,0,0
8,15360,3840,driver_transpose_bk256_d2_s4,47.904,2462.53,226,0.00390625,0.0009599702,0,0
8,15360,3840,existing_s8,56.064,2104.11,239,0.00390625,0.0009599702,0,8
8,15360,3840,transpose_bk128_d3_s8,51.264,2301.12,234,0.00390625,0.0009599702,0,0
8,15360,3840,transpose_bk256_d2_s8,50.592,2331.69,234,0.00390625,0.0009599702,0,0
8,15360,3840,driver_transpose_bk128_d3_s8,49.152,2400.00,234,0.00390625,0.0009599702,0,0
8,15360,3840,driver_transpose_bk256_d2_s8,48.864,2414.15,234,0.00390625,0.0009599702,0,0
16,15360,3840,cublaslt,43.168,2732.69,0,0,0.0009656647,0,0
16,15360,3840,native_gemv_grid132,208.000,567.14,465,0.00390625,0.0009656647,0,0
16,15360,3840,native_gemv_grid528,176.352,668.92,465,0.00390625,0.0009656647,0,0
16,15360,3840,existing_s1,66.304,1779.15,0,0,0.0009656647,0,0
16,15360,3840,transpose_bk128_d3_s1,51.712,2281.19,0,0,0.0009656647,0,0
16,15360,3840,transpose_bk256_d2_s1,49.952,2361.56,0,0,0.0009656647,0,0
16,15360,3840,driver_transpose_bk128_d3_s1,43.808,2692.77,0,0,0.0009656647,0,0
16,15360,3840,driver_transpose_bk256_d2_s1,44.992,2621.91,0,0,0.0009656647,0,0
16,15360,3840,existing_s4,63.328,1862.76,441,0.00390625,0.0009656647,0,3
16,15360,3840,transpose_bk128_d3_s4,54.816,2152.01,442,0.00390625,0.0009656647,0,0
16,15360,3840,transpose_bk256_d2_s4,53.568,2202.15,442,0.00390625,0.0009656647,0,0
16,15360,3840,driver_transpose_bk128_d3_s4,51.456,2292.54,442,0.00390625,0.0009656647,0,0
16,15360,3840,driver_transpose_bk256_d2_s4,51.424,2293.96,442,0.00390625,0.0009656647,0,0
16,15360,3840,existing_s8,59.456,1984.07,460,0.00390625,0.0009656647,0,11
16,15360,3840,transpose_bk128_d3_s8,56.224,2098.12,457,0.00390625,0.0009656647,0,0
16,15360,3840,transpose_bk256_d2_s8,57.216,2061.74,457,0.00390625,0.0009656647,0,0
16,15360,3840,driver_transpose_bk128_d3_s8,51.936,2271.35,457,0.00390625,0.0009656647,0,0
16,15360,3840,driver_transpose_bk256_d2_s8,56.736,2079.19,457,0.00390625,0.0009656647,0,0
1,262144,3840,cublaslt,635.744,3166.79,0,0,0.0009746013,0,0
1,262144,3840,native_gemv_grid132,715.712,2812.96,447,0.00390625,0.0009746013,0,0
1,262144,3840,native_gemv_grid528,644.320,3124.64,447,0.00390625,0.0009746013,0,0
1,262144,3840,existing_s1,802.336,2509.26,0,0,0.0009746013,0,0
1,262144,3840,transpose_bk128_d3_s1,665.632,3024.59,0,0,0.0009746013,0,0
1,262144,3840,transpose_bk256_d2_s1,663.776,3033.05,0,0,0.0009746013,0,0
1,262144,3840,driver_transpose_bk128_d3_s1,636.096,3165.03,0,0,0.0009746013,0,0
1,262144,3840,driver_transpose_bk256_d2_s1,635.872,3166.15,0,0,0.0009746013,0,0
1,262144,3840,existing_s4,805.856,2498.29,408,0.00390625,0.0009746013,0,8
1,262144,3840,transpose_bk128_d3_s4,672.768,2992.51,409,0.00390625,0.0009746013,0,0
1,262144,3840,transpose_bk256_d2_s4,671.552,2997.93,409,0.00390625,0.0009746013,0,0
1,262144,3840,driver_transpose_bk128_d3_s4,649.888,3097.87,409,0.00390625,0.0009746013,0,0
1,262144,3840,driver_transpose_bk256_d2_s4,648.192,3105.97,409,0.00390625,0.0009746013,0,0
1,262144,3840,existing_s8,843.968,2385.48,438,0.00390625,0.0009746013,0,14
1,262144,3840,transpose_bk128_d3_s8,686.976,2930.62,438,0.00390625,0.0009746013,0,0
1,262144,3840,transpose_bk256_d2_s8,686.144,2934.17,438,0.00390625,0.0009746013,0,0
1,262144,3840,driver_transpose_bk128_d3_s8,667.488,3016.18,438,0.00390625,0.0009746013,0,0
1,262144,3840,driver_transpose_bk256_d2_s8,667.360,3016.76,438,0.00390625,0.0009746013,0,0
2,262144,3840,cublaslt,637.248,3159.31,0,0,0.001308303,0,0
2,262144,3840,native_gemv_grid132,787.168,2557.61,963,0.00390625,0.001308303,0,0
2,262144,3840,native_gemv_grid528,654.880,3074.25,963,0.00390625,0.001308303,0,0
2,262144,3840,existing_s1,808.160,2491.17,0,0,0.001308303,0,0
2,262144,3840,transpose_bk128_d3_s1,669.312,3007.96,0,0,0.001308303,0,0
2,262144,3840,transpose_bk256_d2_s1,666.784,3019.37,0,0,0.001308303,0,0
2,262144,3840,driver_transpose_bk128_d3_s1,638.208,3154.56,0,0,0.001308303,0,0
2,262144,3840,driver_transpose_bk256_d2_s1,637.536,3157.89,0,0,0.001308303,0,0
2,262144,3840,existing_s4,819.168,2457.70,870,0.00390625,0.001308303,0,13
2,262144,3840,transpose_bk128_d3_s4,684.448,2941.44,873,0.00390625,0.001308303,0,0
2,262144,3840,transpose_bk256_d2_s4,681.696,2953.32,873,0.00390625,0.001308303,0,0
2,262144,3840,driver_transpose_bk128_d3_s4,657.088,3063.92,873,0.00390625,0.001308303,0,0
2,262144,3840,driver_transpose_bk256_d2_s4,656.416,3067.06,873,0.00390625,0.001308303,0,0
2,262144,3840,existing_s8,860.832,2338.74,934,0.00390625,0.001308303,0,32
2,262144,3840,transpose_bk128_d3_s8,702.816,2864.57,934,0.00390625,0.001308303,0,0
2,262144,3840,transpose_bk256_d2_s8,701.856,2868.49,934,0.00390625,0.001308303,0,0
2,262144,3840,driver_transpose_bk128_d3_s8,680.768,2957.35,934,0.00390625,0.001308303,0,0
2,262144,3840,driver_transpose_bk256_d2_s8,679.648,2962.22,934,0.00390625,0.001308303,0,0
4,262144,3840,cublaslt,640.576,3142.90,0,0,0.0009436163,0,0
4,262144,3840,native_gemv_grid132,1077.760,1868.01,1959,0.00390625,0.0009436163,0,0
4,262144,3840,native_gemv_grid528,764.416,2633.73,1959,0.00390625,0.0009436163,0,0
4,262144,3840,existing_s1,817.824,2461.73,0,0,0.0009436163,0,0
4,262144,3840,transpose_bk128_d3_s1,672.832,2992.23,0,0,0.0009436163,0,0
4,262144,3840,transpose_bk256_d2_s1,671.168,2999.65,0,0,0.0009436163,0,0
4,262144,3840,driver_transpose_bk128_d3_s1,639.744,3146.99,0,0,0.0009436163,0,0
4,262144,3840,driver_transpose_bk256_d2_s1,640.640,3142.59,0,0,0.0009436163,0,0
4,262144,3840,existing_s4,828.320,2430.54,1774,0.00390625,0.0009436163,0,28
4,262144,3840,transpose_bk128_d3_s4,699.584,2877.80,1781,0.00390625,0.0009436163,0,0
4,262144,3840,transpose_bk256_d2_s4,697.952,2884.53,1781,0.00390625,0.0009436163,0,0
4,262144,3840,driver_transpose_bk128_d3_s4,670.784,3001.36,1781,0.00390625,0.0009436163,0,0
4,262144,3840,driver_transpose_bk256_d2_s4,669.952,3005.09,1781,0.00390625,0.0009436163,0,0
4,262144,3840,existing_s8,864.640,2328.44,1902,0.00390625,0.0009436163,0,67
4,262144,3840,transpose_bk128_d3_s8,729.568,2759.53,1907,0.00390625,0.0009436163,0,0
4,262144,3840,transpose_bk256_d2_s8,727.872,2765.96,1907,0.00390625,0.0009436163,0,0
4,262144,3840,driver_transpose_bk128_d3_s8,700.128,2875.57,1907,0.00390625,0.0009436163,0,0
4,262144,3840,driver_transpose_bk256_d2_s8,699.424,2878.46,1907,0.00390625,0.0009436163,0,0
8,262144,3840,cublaslt,642.496,3133.51,0,0,0.0009853476,0,0
8,262144,3840,native_gemv_grid132,1625.120,1238.84,3834,0.00390625,0.0009853476,0,0
8,262144,3840,native_gemv_grid528,1272.704,1581.88,3834,0.00390625,0.0009853476,0,0
8,262144,3840,existing_s1,829.312,2427.63,0,0,0.0009853476,0,0
8,262144,3840,transpose_bk128_d3_s1,682.688,2949.03,0,0,0.0009853476,0,0
8,262144,3840,transpose_bk256_d2_s1,679.808,2961.52,0,0,0.0009853476,0,0
8,262144,3840,driver_transpose_bk128_d3_s1,644.896,3121.85,0,0,0.0009853476,0,0
8,262144,3840,driver_transpose_bk256_d2_s1,644.640,3123.09,0,0,0.0009853476,0,0
8,262144,3840,existing_s4,855.360,2353.71,3515,0.00390625,0.0009853476,0,33
8,262144,3840,transpose_bk128_d3_s4,727.040,2769.13,3517,0.00390625,0.0009853476,0,0
8,262144,3840,transpose_bk256_d2_s4,725.632,2774.50,3517,0.00390625,0.0009853476,0,0
8,262144,3840,driver_transpose_bk128_d3_s4,691.168,2912.85,3517,0.00390625,0.0009853476,0,0
8,262144,3840,driver_transpose_bk256_d2_s4,690.656,2915.01,3517,0.00390625,0.0009853476,0,0
8,262144,3840,existing_s8,914.560,2201.35,3731,0.00390625,0.0009853476,0,116
8,262144,3840,transpose_bk128_d3_s8,778.496,2586.10,3721,0.00390625,0.0009853476,0,0
8,262144,3840,transpose_bk256_d2_s8,775.744,2595.27,3721,0.00390625,0.0009853476,0,0
8,262144,3840,driver_transpose_bk128_d3_s8,727.232,2768.40,3721,0.00390625,0.0009853476,0,0
8,262144,3840,driver_transpose_bk256_d2_s8,727.680,2766.69,3721,0.00390625,0.0009853476,0,0
16,262144,3840,cublaslt,650.944,3092.84,0,0,0.001108417,0,0
16,262144,3840,native_gemv_grid132,3265.632,616.50,7639,0.00390625,0.001108417,0,0
16,262144,3840,native_gemv_grid528,2597.824,774.98,7639,0.00390625,0.001108417,0,0
16,262144,3840,existing_s1,860.384,2339.96,0,0,0.001108417,0,0
16,262144,3840,transpose_bk128_d3_s1,701.856,2868.49,0,0,0.001108417,0,0
16,262144,3840,transpose_bk256_d2_s1,695.744,2893.69,0,0,0.001108417,0,0
16,262144,3840,driver_transpose_bk128_d3_s1,655.008,3073.65,0,0,0.001108417,0,0
16,262144,3840,driver_transpose_bk256_d2_s1,662.752,3037.74,0,0,0.001108417,0,0
16,262144,3840,existing_s4,915.072,2200.12,7058,0.00390625,0.001108417,0,107
16,262144,3840,transpose_bk128_d3_s4,822.048,2449.09,7064,0.00390625,0.001108417,0,0
16,262144,3840,transpose_bk256_d2_s4,821.056,2452.04,7064,0.00390625,0.001108417,0,0
16,262144,3840,driver_transpose_bk128_d3_s4,719.904,2796.58,7064,0.00390625,0.001108417,0,0
16,262144,3840,driver_transpose_bk256_d2_s4,719.552,2797.94,7064,0.00390625,0.001108417,0,0
16,262144,3840,existing_s8,983.936,2046.13,7429,0.00390625,0.001108417,0,250
16,262144,3840,transpose_bk128_d3_s8,928.000,2169.47,7423,0.00390625,0.001108417,0,0
16,262144,3840,transpose_bk256_d2_s8,929.472,2166.03,7423,0.00390625,0.001108417,0,0
16,262144,3840,driver_transpose_bk128_d3_s8,768.640,2619.26,7423,0.00390625,0.001108417,0,0
16,262144,3840,driver_transpose_bk256_d2_s8,774.144,2600.63,7423,0.00390625,0.001108417,0,0
1,83,136,cublaslt,4.448,5.08,0,0,0.0002400174,0,0
1,83,136,native_gemv_grid132,4.480,5.04,0,0,0.0002400174,0,0
1,83,136,native_gemv_grid528,4.448,5.08,0,0,0.0002400174,0,0
1,83,136,existing_s1,8.480,2.66,0,0,0.0002400174,0,0
1,83,136,transpose_bk128_d3_s1,5.056,4.47,0,0,0.0002400174,0,0
1,83,136,transpose_bk256_d2_s1,4.672,4.83,0,0,0.0002400174,0,0
1,83,136,driver_transpose_bk128_d3_s1,5.120,4.41,0,0,0.0002400174,0,0
1,83,136,driver_transpose_bk256_d2_s1,4.896,4.61,0,0,0.0002400174,0,0
1,83,136,existing_s4,8.768,2.57,0,0,0.0002400174,0,0
1,83,136,transpose_bk128_d3_s4,7.040,3.21,0,0,0.0002400174,0,0
1,83,136,transpose_bk256_d2_s4,7.744,2.92,0,0,0.0002400174,0,0
1,83,136,driver_transpose_bk128_d3_s4,7.424,3.04,0,0,0.0002400174,0,0
1,83,136,driver_transpose_bk256_d2_s4,8.000,2.82,0,0,0.0002400174,0,0
1,83,136,existing_s8,8.224,2.75,0,0,0.0002400174,0,0
1,83,136,transpose_bk128_d3_s8,7.744,2.92,0,0,0.0002400174,0,0
1,83,136,transpose_bk256_d2_s8,7.264,3.11,0,0,0.0002400174,0,0
1,83,136,driver_transpose_bk128_d3_s8,7.744,2.92,0,0,0.0002400174,0,0
1,83,136,driver_transpose_bk256_d2_s8,7.488,3.01,0,0,0.0002400174,0,0
2,83,136,cublaslt,5.056,4.47,0,0,0.0002236192,0,0
2,83,136,native_gemv_grid132,5.056,4.47,0,0,0.0002236192,0,0
2,83,136,native_gemv_grid528,5.056,4.47,0,0,0.0002236192,0,0
2,83,136,existing_s1,8.512,2.65,0,0,0.0002236192,0,0
2,83,136,transpose_bk128_d3_s1,5.056,4.47,0,0,0.0002236192,0,0
2,83,136,transpose_bk256_d2_s1,4.640,4.87,0,0,0.0002236192,0,0
2,83,136,driver_transpose_bk128_d3_s1,5.056,4.47,0,0,0.0002236192,0,0
2,83,136,driver_transpose_bk256_d2_s1,4.832,4.67,0,0,0.0002236192,0,0
2,83,136,existing_s4,8.896,2.54,0,0,0.0002236192,0,0
2,83,136,transpose_bk128_d3_s4,7.008,3.22,0,0,0.0002236192,0,0
2,83,136,transpose_bk256_d2_s4,7.840,2.88,0,0,0.0002236192,0,0
2,83,136,driver_transpose_bk128_d3_s4,7.264,3.11,0,0,0.0002236192,0,0
2,83,136,driver_transpose_bk256_d2_s4,8.064,2.80,0,0,0.0002236192,0,0
2,83,136,existing_s8,8.064,2.80,0,0,0.0002236192,0,0
2,83,136,transpose_bk128_d3_s8,7.744,2.92,0,0,0.0002236192,0,0
2,83,136,transpose_bk256_d2_s8,7.296,3.09,0,0,0.0002236192,0,0
2,83,136,driver_transpose_bk128_d3_s8,7.840,2.88,0,0,0.0002236192,0,0
2,83,136,driver_transpose_bk256_d2_s8,7.680,2.94,0,0,0.0002236192,0,0
4,83,136,cublaslt,5.120,4.41,0,0,0.0002411017,0,0
4,83,136,native_gemv_grid132,5.120,4.41,0,0,0.0002411017,0,0
4,83,136,native_gemv_grid528,5.120,4.41,0,0,0.0002411017,0,0
4,83,136,existing_s1,9.440,2.39,0,0,0.0002411017,0,0
4,83,136,transpose_bk128_d3_s1,5.120,4.41,0,0,0.0002411017,0,0
4,83,136,transpose_bk256_d2_s1,4.704,4.80,0,0,0.0002411017,0,0
4,83,136,driver_transpose_bk128_d3_s1,5.088,4.44,0,0,0.0002411017,0,0
4,83,136,driver_transpose_bk256_d2_s1,4.896,4.61,0,0,0.0002411017,0,0
4,83,136,existing_s4,8.192,2.76,0,0,0.0002411017,0,0
4,83,136,transpose_bk128_d3_s4,7.520,3.00,0,0,0.0002411017,0,0
4,83,136,transpose_bk256_d2_s4,7.264,3.11,0,0,0.0002411017,0,0
4,83,136,driver_transpose_bk128_d3_s4,7.808,2.89,0,0,0.0002411017,0,0
4,83,136,driver_transpose_bk256_d2_s4,7.488,3.01,0,0,0.0002411017,0,0
4,83,136,existing_s8,9.120,2.48,0,0,0.0002411017,0,0
4,83,136,transpose_bk128_d3_s8,7.040,3.21,0,0,0.0002411017,0,0
4,83,136,transpose_bk256_d2_s8,7.840,2.88,0,0,0.0002411017,0,0
4,83,136,driver_transpose_bk128_d3_s8,7.648,2.95,0,0,0.0002411017,0,0
4,83,136,driver_transpose_bk256_d2_s8,8.192,2.76,0,0,0.0002411017,0,0
8,83,136,cublaslt,6.112,3.69,0,0,0.0002411017,0,0
8,83,136,native_gemv_grid132,5.728,3.94,0,0,0.0002411017,0,0
8,83,136,native_gemv_grid528,5.696,3.96,0,0,0.0002411017,0,0
8,83,136,existing_s1,9.088,2.48,0,0,0.0002411017,0,0
8,83,136,transpose_bk128_d3_s1,5.056,4.47,0,0,0.0002411017,0,0
8,83,136,transpose_bk256_d2_s1,4.832,4.67,0,0,0.0002411017,0,0
8,83,136,driver_transpose_bk128_d3_s1,5.056,4.47,0,0,0.0002411017,0,0
8,83,136,driver_transpose_bk256_d2_s1,4.832,4.67,0,0,0.0002411017,0,0
8,83,136,existing_s4,9.568,2.36,0,0,0.0002411017,0,0
8,83,136,transpose_bk128_d3_s4,6.816,3.31,0,0,0.0002411017,0,0
8,83,136,transpose_bk256_d2_s4,7.936,2.84,0,0,0.0002411017,0,0
8,83,136,driver_transpose_bk128_d3_s4,7.264,3.11,0,0,0.0002411017,0,0
8,83,136,driver_transpose_bk256_d2_s4,8.160,2.77,0,0,0.0002411017,0,0
8,83,136,existing_s8,8.896,2.54,0,0,0.0002411017,0,0
8,83,136,transpose_bk128_d3_s8,7.968,2.83,0,0,0.0002411017,0,0
8,83,136,transpose_bk256_d2_s8,7.264,3.11,0,0,0.0002411017,0,0
8,83,136,driver_transpose_bk128_d3_s8,7.808,2.89,0,0,0.0002411017,0,0
8,83,136,driver_transpose_bk256_d2_s8,7.680,2.94,0,0,0.0002411017,0,0
16,83,136,cublaslt,6.016,3.75,0,0,0.000243227,0,0
16,83,136,native_gemv_grid132,7.488,3.01,0,0,0.000243227,0,0
16,83,136,native_gemv_grid528,7.648,2.95,0,0,0.000243227,0,0
16,83,136,existing_s1,10.944,2.06,0,0,0.000243227,0,0
16,83,136,transpose_bk128_d3_s1,5.120,4.41,0,0,0.000243227,0,0
16,83,136,transpose_bk256_d2_s1,4.928,4.58,0,0,0.000243227,0,0
16,83,136,driver_transpose_bk128_d3_s1,5.536,4.08,0,0,0.000243227,0,0
16,83,136,driver_transpose_bk256_d2_s1,5.312,4.25,0,0,0.000243227,0,0
16,83,136,existing_s4,10.432,2.16,0,0,0.000243227,0,0
16,83,136,transpose_bk128_d3_s4,7.040,3.21,0,0,0.000243227,0,0
16,83,136,transpose_bk256_d2_s4,8.224,2.75,0,0,0.000243227,0,0
16,83,136,driver_transpose_bk128_d3_s4,7.680,2.94,0,0,0.000243227,0,0
16,83,136,driver_transpose_bk256_d2_s4,8.608,2.62,0,0,0.000243227,0,0
16,83,136,existing_s8,10.496,2.15,0,0,0.000243227,0,0
16,83,136,transpose_bk128_d3_s8,7.968,2.83,0,0,0.000243227,0,0
16,83,136,transpose_bk256_d2_s8,7.680,2.94,0,0,0.000243227,0,0
16,83,136,driver_transpose_bk128_d3_s8,8.064,2.80,0,0,0.000243227,0,0
16,83,136,driver_transpose_bk256_d2_s8,8.128,2.78,0,0,0.000243227,0,0
